"NLA12_ID","UID","USGS_ID","USGS_ID_did_not_match_OR_weighed_ready_for_analysis","DRY_WEIGHT_PERCENT","LOI_PERCENT","SMHG","STHG","d202_Avg","D199_Avg","D200_Avg","D201_Avg","D204_Avg","Gas_Hg_Hg0Conc_ng_m3","Ionic_Hg2Conc_ng_m3","Particle_Hg_HgPConc_ng_m3","Hg0DryDep","Hg2DryDep","HgPDryDep","WetLossConv_Loss_of_soluble_species_scavenged_by_cloud_updrafts_in_moist_convection_kg_s","WetLossLS_Loss_of_soluble_species_in_large_scale_precipitation_kg_s","pct_WetLossConv","COMID","CatAreaSqKm","WsAreaSqKm","CatPctFull","WsPctFull","inStreamCat","PctAg2006Slp20Cat","PctAg2006Slp10Cat","PctAg2006Slp20Ws","PctAg2006Slp10Ws","CBNFCat","FertCat","ManureCat","CBNFWs","FertWs","ManureWs","BFICat","BFIWs","CanalDensCat","CanalDensWs","CoalMineDensCat","CoalMineDensWs","DamDensCat","DamNIDStorCat","DamNrmStorCat","DamDensWs","DamNIDStorWs","DamNrmStorWs","ElevCat","ElevWs","NPDESDensCat","SuperfundDensCat","TRIDensCat","NPDESDensWs","SuperfundDensWs","TRIDensWs","PctFire2000Cat","PctFire2001Cat","PctFire2002Cat","PctFire2003Cat","PctFire2004Cat","PctFire2005Cat","PctFire2006Cat","PctFire2007Cat","PctFire2008Cat","PctFire2009Cat","PctFire2010Cat","PctFire2000Ws","PctFire2001Ws","PctFire2002Ws","PctFire2003Ws","PctFire2004Ws","PctFire2005Ws","PctFire2006Ws","PctFire2007Ws","PctFire2008Ws","PctFire2009Ws","PctFire2010Ws","PctFrstLoss2001Cat","PctFrstLoss2002Cat","PctFrstLoss2003Cat","PctFrstLoss2004Cat","PctFrstLoss2005Cat","PctFrstLoss2006Cat","PctFrstLoss2007Cat","PctFrstLoss2008Cat","PctFrstLoss2009Cat","PctFrstLoss2010Cat","PctFrstLoss2011Cat","PctFrstLoss2012Cat","PctFrstLoss2013Cat","PctFrstLoss2001Ws","PctFrstLoss2002Ws","PctFrstLoss2003Ws","PctFrstLoss2004Ws","PctFrstLoss2005Ws","PctFrstLoss2006Ws","PctFrstLoss2007Ws","PctFrstLoss2008Ws","PctFrstLoss2009Ws","PctFrstLoss2010Ws","PctFrstLoss2011Ws","PctFrstLoss2012Ws","PctFrstLoss2013Ws","Al2O3Cat","CaOCat","Fe2O3Cat","K2OCat","MgOCat","Na2OCat","P2O5Cat","SCat","SiO2Cat","Al2O3Ws","CaOWs","Fe2O3Ws","K2OWs","MgOWs","Na2OWs","P2O5Ws","SWs","SiO2Ws","NCat","NWs","HydrlCondCat","HydrlCondWs","CompStrgthCat","CompStrgthWs","PctImp2006Cat","PctImp2006Ws","PctImp2011Cat","PctImp2011Ws","AgKffactCat","KffactCat","AgKffactWs","KffactWs","PctCarbResidCat","PctNonCarbResidCat","PctAlkIntruVolCat","PctSilicicCat","PctExtruVolCat","PctColluvSedCat","PctGlacTilClayCat","PctGlacTilLoamCat","PctGlacTilCrsCat","PctGlacLakeCrsCat","PctGlacLakeFineCat","PctHydricCat","PctEolCrsCat","PctEolFineCat","PctSalLakeCat","PctAlluvCoastCat","PctCoastCrsCat","PctWaterCat","PctCarbResidWs","PctNonCarbResidWs","PctAlkIntruVolWs","PctSilicicWs","PctExtruVolWs","PctColluvSedWs","PctGlacTilClayWs","PctGlacTilLoamWs","PctGlacTilCrsWs","PctGlacLakeCrsWs","PctGlacLakeFineWs","PctHydricWs","PctEolCrsWs","PctEolFineWs","PctSalLakeWs","PctAlluvCoastWs","PctCoastCrsWs","PctWaterWs","MineDensCat","MineDensWs","NABD_DensCat","NABD_NIDStorCat","NABD_NrmStorCat","NABD_DensWs","NABD_NIDStorWs","NABD_NrmStorWs","InorgNWetDep_2008Cat","NH4_2008Cat","NO3_2008Cat","SN_2008Cat","InorgNWetDep_2008Ws","NH4_2008Ws","NO3_2008Ws","SN_2008Ws","PctOw2006Cat","PctIce2006Cat","PctUrbOp2006Cat","PctUrbLo2006Cat","PctUrbMd2006Cat","PctUrbHi2006Cat","PctBl2006Cat","PctDecid2006Cat","PctConif2006Cat","PctMxFst2006Cat","PctShrb2006Cat","PctGrs2006Cat","PctHay2006Cat","PctCrop2006Cat","PctWdWet2006Cat","PctHbWet2006Cat","PctOw2006Ws","PctIce2006Ws","PctUrbOp2006Ws","PctUrbLo2006Ws","PctUrbMd2006Ws","PctUrbHi2006Ws","PctBl2006Ws","PctDecid2006Ws","PctConif2006Ws","PctMxFst2006Ws","PctShrb2006Ws","PctGrs2006Ws","PctHay2006Ws","PctCrop2006Ws","PctWdWet2006Ws","PctHbWet2006Ws","PctOw2011Cat","PctIce2011Cat","PctUrbOp2011Cat","PctUrbLo2011Cat","PctUrbMd2011Cat","PctUrbHi2011Cat","PctBl2011Cat","PctDecid2011Cat","PctConif2011Cat","PctMxFst2011Cat","PctShrb2011Cat","PctGrs2011Cat","PctHay2011Cat","PctCrop2011Cat","PctWdWet2011Cat","PctHbWet2011Cat","PctOw2011Ws","PctIce2011Ws","PctUrbOp2011Ws","PctUrbLo2011Ws","PctUrbMd2011Ws","PctUrbHi2011Ws","PctBl2011Ws","PctDecid2011Ws","PctConif2011Ws","PctMxFst2011Ws","PctShrb2011Ws","PctGrs2011Ws","PctHay2011Ws","PctCrop2011Ws","PctWdWet2011Ws","PctHbWet2011Ws","PctNonAgIntrodManagVegCat","PctNonAgIntrodManagVegWs","PctNo_GAP_StatusCat","PctGAP_Status1Cat","PctGAP_Status2Cat","PctGAP_Status3Cat","PctGAP_Status4Cat","PctNo_GAP_StatusWs","PctGAP_Status1Ws","PctGAP_Status2Ws","PctGAP_Status3Ws","PctGAP_Status4Ws","Pestic97Cat","Pestic97Ws","Precip08Cat","Precip09Cat","Tmean08Cat","Tmean09Cat","Precip08Ws","Precip09Ws","Tmean08Ws","Tmean09Ws","Precip8110Cat","Tmax8110Cat","Tmean8110Cat","Tmin8110Cat","Precip8110Ws","Tmax8110Ws","Tmean8110Ws","Tmin8110Ws","RdDensCat","RdDensWs","RdCrsCat","RdCrsWs","RunoffCat","RunoffWs","ClayCat","SandCat","ClayWs","SandWs","OmCat","PermCat","RckdepCat","WtDepCat","OmWs","PermWs","RckdepWs","WtDepWs","HUDen2010Cat","PopDen2010Cat","HUDen2010Ws","PopDen2010Ws","WetIndexCat","WetIndexWs","Status","Status2","Status3","NewStatus","NewStatus2"
"NLA12_AZ-123",8219,"MSC638Q","weighed ready for analysis",31.88,5.95,0.35,73.62,NA,NA,NA,NA,NA,1.24949,0.0293561,0.00116339,7.51058,9.48998,0.025039,0.274692,1.21135,18.4848072934682,10001834,0.4275,25.0065,100,100,1,0,0,0,0.021594385,9.726315789,28.41263158,0,0.241209286,0.575022494,0,35.40631579,33.43797013,0,0,0,0,0,0,0,0,0,0,61.16602105,163.4302876,0,0,0,0,0,0,0,0,0,0,0,0,0,0,0,0,0,0,0,0,0,0,0,0,0,0,0,0,0,0,0,0,0,0,0,0,0,0,0,0,0,0,0,0,0,0,0,0,0,0,0,0,0,0,10.3992021,0.944130559,20.21815451,1.921547036,0.888861035,1.258006761,0.126284421,0.029491211,45.90640419,13.88674806,4.35834445,5.528678218,2.801693287,2.352089415,2.97150991,0.19806907,0.223684833,62.39725201,0.386667172,0.036009953,216.7773491,8.107070411,7.848692078,124.2733503,0.88,0.059024654,0.88,0.059024654,0.001010526,0.01,0.000130646,0.244210545,0,0,0,21.68421053,0,0,0,0,0,0,0,0,0,0,0,78.31578947,0,0,0,20.78819507,0,76.94079539,0,0,0,0,0,0,0,0,0,0,0,2.271009538,0,0,0,0,0,0,0,0,0,0,0.339388907,0.236633018,0.692055464,32.39200211,0.3419382,0.238316897,0.697576093,32.63747346,24.84210526,0,0,0,0,0,0,0,0,0,38.94736842,0,10.10526316,0,22.10526316,4,0.424689581,0,0,0,0,0,0.539859636,0.021594385,0,0,98.12488753,0,0.226741047,0,0.496670866,0.165556955,24.84210526,0,0,0,0,0,0,0,0,0,38.94736842,0,10.10526316,0,22.10526316,4,0.424689581,0,0,0,0,0,0.539859636,0.021594385,0,0,98.12488753,0,0.226741047,0,0.496670866,0.165556955,0,0,0,100,0,0,0,0,10.33651251,0,0,89.66348749,0.185361047,0.041297725,101.9724426,21.60954666,24.13809013,24.07120895,112.1275155,29.24487499,23.82114741,23.74792641,92.08265469,41.72484249,23.48387789,5.484210541,98.91592473,41.18353077,23.32757976,5.718848296,1.517069112,0.095327667,0,0.079979205,18,18,9.43,60.49,21.35737642,32.57378571,NA,14.16,38.1,182.88,0.147421766,3.300820862,77.85798753,182.88,2.672146373,4.285051351,0.111037201,0.150950067,958.24,704.7541479,"Ready","Done/Ready","Ready/Rest","Done","Done"
"NLA12_CO-111",8477,"MSC028R",NA,27.37,4.57,0.13,53.23,NA,NA,NA,NA,NA,1.06543,0.0163141,0.00223188,8.70278,6.35392,0.0643471,0.505799,6.90244,6.82752000846625,2888348,4.2192,29.1996,100,100,1,0,0.021331058,0,0.098631488,5.635452218,8.16168942,0.194325939,4.090247812,5.923807175,0.141043028,61.33745734,62.80810011,0.220420933,0.307195989,0,0,0.474023512,5813657.395,4287886.604,0.205482267,987304.4343,707444.265,1584.450693,1668.453183,0,0,0,0,0,0,0,0,0,0,0,0,0,0,0,0,0,0,0,0,0,0,0,0,0,0,0,0,0,0,0,0,0,0,0,0,0,0,0,0,0,0.003082234,0.006164468,0,0,0.009246702,0,0,0.006164468,0,0,0,0,0,8.186457206,6.377400841,4.74637939,1.4708452,3.074868308,0.725516616,0.253330903,0.52761449,52.05496869,7.893509687,10.6923497,5.15677644,1.382637965,3.012485678,0.674169348,0.250853731,0.44306551,46.00325614,0.09075388,0.108105559,18.11339736,23.29252759,64.73858024,61.61038093,2.059300341,1.565805696,2.072098976,1.570429047,0.056619027,0.229579778,0.040716311,0.281180496,0,93.04607509,0,0,0,0,0,0,0,0,0,0,0,0,0,6.953924915,0,0,0,93.03723339,0,0,0,0,0,0,0,0,0,0,0,0,0,6.962766613,0,0,0,0,0,0,0,0.136988178,147259.2529,87865.5324,1.379405605,0.920514666,2.949571363,131.1621533,1.472654126,0.982653279,3.149288254,139.905371,56.33532423,0,0.639931741,1.514505119,1.791808874,0.298634812,0,0.149317406,0.021331058,0,0.31996587,15.84897611,16.57423208,2.858361775,2.517064846,1.130546075,10.55048699,0,4.971643447,2.558254223,0.579459993,0.058562446,0.067809148,0.036986808,0.459252866,0,12.93921835,48.75169523,10.99124646,3.113056343,3.60313155,1.319196153,56.33532423,0,0.639931741,1.450511945,1.770477816,0.383959044,0,0.149317406,0.021331058,0,0.31996587,15.84897611,16.57423208,2.858361775,2.517064846,1.130546075,10.55048699,0,5.051781531,2.493527309,0.579459993,0.070891382,0.067809148,0.036986808,0.459252866,0,12.92688941,48.73628406,10.99124646,3.113056343,3.60313155,1.319196153,5.034129693,8.164837874,59.85494881,0,0,0,40.14505119,32.48982863,0,1.695228702,0,65.81494267,5.47130608,4.022493777,324.5094943,460.5526017,10.27961618,10.13043035,369.2254814,512.8021166,10.1449784,10.03256009,411.2049913,31.10682635,10.07600684,-9.107871309,462.3962979,30.68343927,9.999671313,-8.629999461,1.050543211,1.698803079,0,0.753434979,91,91,24.97808339,32.02006218,30.12301098,30.09531486,0.469912664,5.782999268,87.21476225,182.8749744,0.416032607,3.6901991,114.8099828,181.4093286,15.75109341,39.05448347,22.36725205,53.30066315,1385.592363,878.1184811,"Rest","Rest","Ready/Rest","Done","Done"
"NLA12_CO-127",8414,"MSC372R",NA,58.85,4.82,0.42,131.15,NA,NA,NA,NA,NA,1.06543,0.0163141,0.00223188,8.70278,6.35392,0.0643471,0.505799,6.90244,6.82752000846625,2890238,0.0288,0.0288,100,100,0,0,0,0,0,4.59375,8.75,4.59375,4.59375,8.75,4.59375,56,56,0,0,0,0,0,0,0,0,0,0,1509.9525,1509.9525,0,0,0,0,0,0,0,0,0,0,0,0,0,0,0,0,0,0,0,0,0,0,0,0,0,0,0,0,0,0,0,0,0,0,0,0,0,0,0,0,0,0,0,0,0,0,0,0,0,0,0,0,0,0,11.42000008,6.03550005,3.897500038,2.144332886,1.596395969,1.912500024,0.112179004,0.020292001,69.83404541,11.42000008,6.03550005,3.897500038,2.144332886,1.596395969,1.912500024,0.112179004,0.020292001,69.83404541,0.043857001,0.043857001,122.2928543,122.2928543,0.665832996,0.665832996,0,0,0,0,0.0546875,0.25,0.0546875,0.25,0,0,0,0,0,0,0,0,0,0,0,0,100,0,0,0,0,0,0,0,0,0,0,0,0,0,0,0,0,0,100,0,0,0,0,0,0,0,0,0,0,0,0,0,1.062108479,0.712639283,2.258038938,101.7822185,1.062108479,0.712639283,2.258038938,101.7822185,78.125,0,0,0,0,0,0,0,0,0,0,0,12.5,9.375,0,0,78.125,0,0,0,0,0,0,0,0,0,0,0,12.5,9.375,0,0,78.125,0,0,0,0,0,0,0,0,0,0,0,12.5,9.375,0,0,78.125,0,0,0,0,0,0,0,0,0,0,0,12.5,9.375,0,0,0,0,6.25,0,0,0,93.75,6.25,0,0,0,93.75,64.06637573,64.06637573,275.4581604,392.2874146,9.863022804,9.643874168,275.4581604,392.2874146,9.863022804,9.643874168,343.3666077,18.42463303,9.87223053,1.309877515,343.3666077,18.42463303,9.87223053,1.309877515,6.8412323,6.8412323,0,0,91,91,18.29,51.76,18.29,51.76,0.31,7.33,129.54,182.88,0.31,7.33,129.54,182.88,227.9853737,662.8818427,227.9853737,662.8818427,682.46875,682.46875,"Rest","Rest","Ready/Rest","Done","Done"
"NLA12_ME-104",8128,"MSC701Q","weighed ready for analysis",1.45,65.69,4.8,264.37,NA,NA,NA,NA,NA,1.26412,0.00333249,0.000996306,11.631,3.65633,0.0346715,0.479972,8.6349,5.26581174151431,719574,8.2107,39.4407,100,100,1,0,0,0,0,0,0,0,0,0,0,50,50,0,0,0,0,0,0,0,0,0,0,334.0360309,353.0103546,0,0,0,0,0,0,0,0,0,0,0,0,0,0,0,0,0,0,0,0,0,0,0,0,0,0,0,0,0.021922613,0,0,0,0,0,0,0,0,0.010961307,0,0,0,0.027382881,0.152887753,0,0.835177875,0.773566392,0.052483856,0,0.198525888,0.424434658,0.120941058,0.031946695,1.090751432,0.002281907,11.88257375,12.65705163,6.167357088,1.211806022,5.323233209,2.21706321,0.218277437,0.030682314,47.25599978,14.59519915,9.794517283,8.144252006,1.187962038,5.266884176,2.88748263,0.273569369,0.026059193,51.10815503,0.02392369,0.011513981,0.298154379,0.397577711,131.6397789,154.0690621,0,0,0,0,0,0.247786912,0,0.245910823,0,0,0,0,0,0,0,5.261427162,94.73857284,0,0,0,0,0,0,0,0,0,0,0,0,0,0,0,0,1.095315245,98.90468475,0,0,0,0,0,0,0,0,0,0,0,0,0,0,0,0,0,2.59309084,1.401101754,6.67361138,355.8267813,2.588524676,1.400002335,6.656619584,355.0594389,10.09536337,0,0,0,0,0,0,10.32555081,15.22525485,45.65384194,4.833936205,0,0,0,13.03299353,0.833059301,3.183259932,0,0,0,0,0,0.207653515,13.64352053,16.95000342,36.69534263,17.13711978,1.006320882,0,0,10.53784542,0.638933893,10.52285432,0,0,0,0,0,0,10.36939603,15.95966239,44.82078264,2.970514085,0,0,0,14.34835032,1.008440206,3.299637177,0,0,0,0,0,0.200807795,13.58419095,26.20541725,36.39869475,6.991762317,0.508865208,0,0,12.32914223,0.481482327,0,0,27.81979612,0,0,0,72.18020388,22.44711681,0,0,0,77.55288319,0,0.010425668,1254.316001,1098.582552,3.791990332,3.50046471,1269.123492,1102.260376,3.681285403,3.397615258,1045.190687,24.31637617,3.443543133,-18.82525489,1057.125385,24.25712977,3.364870561,-18.88998929,0.568738741,0.72720311,0,0.177481637,481,485.7688885,13.5960331,23.86800066,13.53822764,23.8932184,8.525328291,5.304509482,128.5144437,68.24629289,7.836323392,5.274397463,123.6795813,76.09655409,0.248842723,0.046158154,0.248842723,0.046158154,854.4724323,823.6354198,"Ready","Done/Ready","Ready/Rest","Done","Done"
"NLA12_ME-115",8314,"MSC586Q","weighed ready for analysis",6.04,37.07,2.3,246.48,NA,NA,NA,NA,NA,1.26551,0.00333485,0.000973797,11.7378,3.76834,0.0343817,0.392795,8.27708,4.53057281679378,1701146,0.9684,0.9684,100,100,1,0,0,0,0,0,0,0,0,0,0,50.72769517,50.72769517,0,0,0,0,0,0,0,0,0,0,377.4851952,377.4851952,0,0,0,0,0,0,0,0,0,0,0,0,0,0,0,0,0,0,0,0,0,0,0,0,0,0,0,0,0,0,0,0,0,0,0,0,0,0,0,0,0,0,0,0,0,0,0,0,0,0,0,0,0,0,14.28333473,1.389999986,1.99000001,4.489999771,0.449999988,3.539999962,0.100000001,0.029999999,72.30000305,14.28333473,1.389999986,1.99000001,4.489999771,0.449999988,3.539999962,0.100000001,0.029999999,72.30000305,0.00345,0.00345,5.6e-05,5.6e-05,188.67659,188.67659,0,0,0,0,0,0.22,0,0.22,0,0,0,0,0,0,0,0,100,0,0,0,0,0,0,0,0,0,0,0,0,0,0,0,0,0,100,0,0,0,0,0,0,0,0,0,0,0,0,0,0,0,0,0,2.652937651,1.415015817,6.897174835,363.5906372,2.652937651,1.415015817,6.897174835,363.5906372,2.50929368,0,0,0,0,0,0,31.59851301,9.479553903,50.55762082,0.650557621,0,0,0,3.996282528,1.208178439,2.50929368,0,0,0,0,0,0,31.59851301,9.479553903,50.55762082,0.650557621,0,0,0,3.996282528,1.208178439,2.695167286,0,0,0,0,0,0,31.3197026,9.665427509,47.86245353,0.557620818,0.557620818,0,0,6.691449814,0.650557621,2.695167286,0,0,0,0,0,0,31.3197026,9.665427509,47.86245353,0.557620818,0.557620818,0,0,6.691449814,0.650557621,0,0,4.089219331,0,0,95.91078067,0,4.089219331,0,0,95.91078067,0,0.021361121,0.021361121,1298.143433,1125.014282,4.530221462,4.194320679,1298.143433,1125.014282,4.530221462,4.194320679,1102.521478,24.53271388,3.96226333,-18.04070648,1102.521478,24.53271388,3.96226333,-18.04070648,0,0,0,0,773,773,7.96,36.06,7.96,36.06,2.87,4.34,120.11,83.21,2.87,4.34,120.11,83.21,0.248842723,0.046158154,0.248842723,0.046158154,700.1802974,700.1802974,"Ready","Done/Ready","Ready/Rest","Done","Done"
"NLA12_MI-116",1000123,"MSC788Q","weighed ready for analysis",8.76,31.7,0.7,494.7,NA,NA,NA,NA,NA,1.30726,0.00262781,0.00229653,5.12723,2.27588,0.0857322,0.222949,7.50255,2.88588478232927,11936865,7.7463,26.9559,100,100,1,0,0,0,0,0,0,0,0.05165103,0.031785249,0.011919468,58,58,0,0,0,0,0,0,0,0,0,0,208.3461973,211.7398905,0,0,0,0,0,0,0,0,0,0,0,0,0,0,0,0,0,0,0,0,0,0,0,0,0,0,0,0,0.01161845,0.0464738,0,0,0,0,0.116184501,0,0.162658301,4.554432439,0.487974904,0.348553503,0,0.06009816,1.20864078,0.904811192,0.033387867,0.08013088,0.02003272,0.046743014,0,0.210343561,1.529164302,0.380621682,0.193649628,0.0500818,8.59223175,1.350622058,2.671133041,1.838147044,1.187541008,0.645227015,0.147957996,0.154990003,71.81893158,8.59223175,1.350622058,2.671133041,1.838147044,1.187541008,0.645227015,0.147957996,0.154990003,71.81893158,0.0096,0.0096,0.231197,0.231197,82.6758194,82.6758194,0.141861276,0.117425128,0.141861276,0.117425128,0,0.175325898,0.000707823,0.177832126,0,0,0,0,0,0,0,100,0,0,0,0,0,0,0,0,0,0,0,0,0,0,0,0,0,100,0,0,0,0,0,0,0,0,0,0,0,0,0,0,0,0,0,0,3.112410796,2.218533074,6.16279363,340.2856719,3.121375663,2.223746453,6.184420879,341.3100316,6.878122458,0,0.964331358,0.209132102,0,0,0,38.99151853,0.604159405,10.51469734,0.069710701,0,0,0,40.13012664,1.638201464,1.976561717,0,0.697806417,0.237053855,0,0,0,28.69687156,4.153450636,15.21818971,0.146906614,0.156922974,0,0.397315616,46.7163033,1.602617609,6.878122458,0,0.964331358,0.209132102,0,0,0,37.70187057,0.604159405,10.15452539,0.499593354,1.068897409,0,0,38.53839898,3.380968979,1.976561717,0,0.714500351,0.220359921,0,0,0,27.99238757,4.079997329,14.90434376,0.467430136,0.878100898,0,0.424025909,45.74471637,2.597576041,0,0.180294481,100,0,0,0,0,100,0,0,0,0,0.024778522,0.177020726,525.9602039,648.7177731,4.695796657,4.362940391,524.5993111,650.1290908,4.665025307,4.331388235,691.1344538,24.82155154,5.748702073,-12.67942376,691.9922403,24.85285911,5.720000858,-12.72689393,0.425701174,0.31760722,0,0.185488149,410,410,11.5372441,65.98193099,12.06411672,65.18094354,0.837349832,6.737541536,150.1657314,49.84703846,0.740799639,5.68309806,149.8330166,43.68837835,4.429230658,3.789236096,4.429230658,3.789236096,970.7203439,967.5877266,"Ready","Done/Ready","Ready/Rest","Done","Done"
"NLA12_MI-118",1000106,"MSC432Q","weighed ready for analysis",2.01,59.07,3.2,352.11,NA,NA,NA,NA,NA,1.29796,0.00276401,0.00259013,11.5458,3.09235,0.0804825,0.350295,7.00444,4.76285005510056,14442904,2.4471,2.4471,100,100,0,0,0,0,0,0,0,0,0,0,0,69,69,0,0,0,0,0,0,0,0,0,0,507.2101802,507.2101802,0,0,0,0,0,0,0,0,0,0,0,0,0,0,0,0,0,0,0,0,0,0,0,0,0,0,0,0,0,0,0,0,0,0,0,0,0,0,0,0,0,0,0,0,0,0,0,0,0,0,0,0,0,0,12.2844187,3.951454814,6.516644579,1.402076313,2.912203122,2.317721852,0.150826997,0.035772038,62.62621422,12.2844187,3.951454814,6.516644579,1.402076313,2.912203122,2.317721852,0.150826997,0.035772038,62.62621422,0.009660447,0.009660447,0.375005015,0.375005015,95.65992011,95.65992011,0.034939316,0.034939316,0.034939316,0.034939316,0,0.27,0,0.27,0,0,0,0,0,0,0,100,0,0,0,0,0,0,0,0,0,0,0,0,0,0,0,0,0,100,0,0,0,0,0,0,0,0,0,0,0,0,0,0,0,0,0,0,3.54113104,2.595185584,6.77437201,378.7287004,3.54113104,2.595185584,6.77437201,378.7287004,22.32438396,0,1.029790364,0,0,0,0.183891136,68.22361162,0.220669364,3.53070982,0,0,0,0,4.266274366,0.220669364,22.32438396,0,1.029790364,0,0,0,0.183891136,68.22361162,0.220669364,3.53070982,0,0,0,0,4.266274366,0.220669364,22.32438396,0,1.029790364,0,0,0,0.183891136,68.22361162,0.220669364,3.53070982,0,0,0,0,4.266274366,0.220669364,22.32438396,0,1.029790364,0,0,0,0.183891136,68.22361162,0.220669364,3.53070982,0,0,0,0,4.266274366,0.220669364,0,0,40.23538065,0,59.76461935,0,0,40.23538065,0,59.76461935,0,0,0.033929714,0.033929714,650.0904278,636.5860048,3.187114011,3.264598167,650.0904278,636.5860048,3.187114011,3.264598167,808.8389138,10.46130985,4.456921477,-1.555204315,808.8389138,10.46130985,4.456921477,-1.555204315,0.519710751,0.519710751,0,0,229,229,8.83,48.58,8.83,48.58,8.92,4.5,150.92,55.54,8.92,4.5,150.92,55.54,3.407889745,3.151912506,3.407889745,3.151912506,690.2548731,690.2548731,"Ready","Done/Ready","Ready/Rest","Done","Done"
"NLA12_MI-125",7795,"MSC761Q","weighed ready for analysis",5.77,42,0.77,384.62,NA,NA,NA,NA,NA,1.30957,0.00287398,0.0022047,2.68001,1.93512,0.0870727,0.203856,7.3648,2.6934240372399,12026722,3.2103,3.2103,100,100,1,0,0,0,0,0,0,0,0,0,0,58,58,0,0,0,0,0,0,0,0,0,0,329.22806,329.22806,0,0,0,0,0,0,0,0,0,0,0,0,0,0,0,0,0,0,0,0,0,0,0,0,0,0,0,0,0,0,0,0,0,0,0,0,0,0,0,0,0,0,0,0,0,0,0,0,0,0,0,0,0,0,14.19999981,0.400000006,5.670000076,3.444999933,1.620000005,1.100000024,0.140000001,0.140000001,64.40000153,14.19999981,0.400000006,5.670000076,3.444999933,1.620000005,1.100000024,0.140000001,0.140000001,64.40000153,0.007,0.007,3.6e-05,3.6e-05,144.2833405,144.2833405,0.172974488,0.172974488,0.173254836,0.173254836,0,0.153257639,0,0.153257639,0,0,0,0,0,0,0,100,0,0,0,0,0,0,0,0,0,0,0,0,0,0,0,0,0,100,0,0,0,0,0,0,0,0,0,0,0,0,0,0,0,0,0,0,3.962060218,2.848144996,7.766343667,431.1442991,3.962060218,2.848144996,7.766343667,431.1442991,9.447715167,0,2.8875806,0.392486683,0,0,0,58.20016821,1.710120549,13.82113821,0.112139052,0.981216709,0,0,12.44743482,0,9.447715167,0,2.8875806,0.392486683,0,0,0,58.20016821,1.710120549,13.82113821,0.112139052,0.981216709,0,0,12.44743482,0,9.447715167,0,2.8875806,0.420521447,0,0,0,58.62068966,1.710120549,13.62489487,0.112139052,0.728903841,0,0,12.44743482,0,9.447715167,0,2.8875806,0.420521447,0,0,0,58.62068966,1.710120549,13.62489487,0.112139052,0.728903841,0,0,12.44743482,0,0,0,100,0,0,0,0,100,0,0,0,0,0.009272993,0.009272993,608.6085205,783.365701,3.597907706,3.840771076,608.6085205,783.365701,3.597907706,3.840771076,832.6101092,25.48315104,4.762730455,-14.3499018,832.6101092,25.48315104,4.762730455,-14.3499018,1.54335153,1.54335153,0,0,419,419,8.777092795,71.73590412,8.777092795,71.73590412,3.248292683,15.08604149,151.9556266,102.90545,3.248292683,15.08604149,151.9556266,102.90545,0.966783627,0.750666769,0.966783627,0.750666769,866.3425848,866.3425848,"Ready","Done/Ready","Ready/Rest","Done","Done"
"NLA12_MN-105",6798,"MSC727P","weighed ready for analysis",4.92,35.8,2.3,367.09,NA,NA,NA,NA,NA,1.34552,0.0031847,0.00283632,11.2276,3.64776,0.0840316,0.281376,6.22318,4.32582946476285,7107653,2.709,2.709,100,100,0,0,0,0,0,0,0,0,0,0,0,53.74850498,53.74850498,0,0,0,0,0,0,0,0,0,0,471.4980598,471.4980598,0,0,0,0,0,0,0,0,0,0,0,0,0,0,0,0,0,0,0,0,0,0,0,0,0,0,0,0,0.066445183,0,3.588039867,0.066445183,0.066445183,0,0.066445183,0,0.033222591,0,1.627906977,0.066445183,0.465116279,0.066445183,0,3.588039867,0.066445183,0.066445183,0,0.066445183,0,0.033222591,0,1.627906977,0.066445183,0.465116279,17.17116356,9.762726784,9.364543915,0.305000007,8.034999847,2.178909063,0.094999999,0.047059,46.9618187,17.17116356,9.762726784,9.364543915,0.305000007,8.034999847,2.178909063,0.094999999,0.047059,46.9618187,0.0052,0.0052,0.703702986,0.703702986,224.0066681,224.0066681,0,0,0,0,0,0.25,0,0.25,0,0,0,0,0,0,0,0,100,0,0,0,0,0,0,0,0,0,0,0,0,0,0,0,0,0,100,0,0,0,0,0,0,0,0,0,0,0,0,0,0,0,0,0,4.347106864,3.355110576,7.73582023,473.3355943,4.347106864,3.355110576,7.73582023,473.3355943,9.601328904,0,0,0,0,0,0,2.325581395,28.00664452,25.7807309,9.601328904,0.96345515,0,0,22.75747508,0.96345515,9.601328904,0,0,0,0,0,0,2.325581395,28.00664452,25.7807309,9.601328904,0.96345515,0,0,22.75747508,0.96345515,9.601328904,0,0,0,0,0,0,1.727574751,27.3089701,25.71428571,11.66112957,1.561461794,0,0,22.25913621,0.166112957,9.601328904,0,0,0,0,0,0,1.727574751,27.3089701,25.71428571,11.66112957,1.561461794,0,0,22.25913621,0.166112957,0,0,0,72.02657807,0,27.97342193,0,0,72.02657807,0,27.97342193,0,0.000651797,0.000651797,857.5567249,642.6283399,1.964377359,2.382953671,857.5567249,642.6283399,1.964377359,2.382953671,722.6698026,9.402170762,3.27213082,-2.862748887,722.6698026,9.402170762,3.27213082,-2.862748887,0.269440447,0.269440447,0,0,305,305,9.97,51.19,9.97,51.19,5.64,10.19,69.18,170.07,5.64,10.19,69.18,170.07,0.363842267,0.200807602,0.363842267,0.200807602,540.5714286,540.5714286,"Ready","Done/Ready","Ready/Rest","Done","Done"
"NLA12_MN-130",6721,"MSC921P","weighed ready for analysis",5.07,37.66,2.9,295.45,NA,NA,NA,NA,NA,1.3411,0.00353855,0.00325079,11.3616,3.78171,0.0965196,0.290801,6.32682,4.39434352617051,7152968,2.304,4.3362,100,100,1,0,0,0,0,0,0,0,0,0,0,58,58,0,0,0,0,0,0,0,0,0,0,365.6843398,374.6250602,0,0,0,0,0,0,0,0,0,0,0,0,0,0,0,0,0,0,0,0,0,0,0,0,0,0,0,0,1.875,0.3515625,0,0.859375,0,0,0.46875,0,0.078125,0,0.15625,0,0,2.449149024,0.186799502,0,0.539643005,0,0,0.249066002,0,0.083022001,0,0.083022001,0,0,14.5426345,2.244901991,3.880432497,3.037501023,1.096767332,3.103221548,0.117355283,0.010381302,69.63459243,14.56777398,2.255149227,3.879129591,3.056912008,1.112421895,3.110228123,0.118588556,0.012100481,69.50172562,0.004508155,0.004747028,0.034823255,0.035329761,160.9436546,159.7196925,0,0,0,0,0,0.23,0,0.23,0,0,0,0,0,0,0,0,100,0,0,0,0,0,0,0,0,0,0,0,0,0,0,0,0,0,100,0,0,0,0,0,0,0,0,0,0,0,0,0,0,0,0,0,3.074190072,2.389665202,5.415364217,317.125044,3.073872921,2.389463239,5.414648613,317.0981193,18.6328125,0,0,0,0,0,0,13.90625,16.3671875,36.015625,0,0,0,0,10.9375,4.140625,11.12494811,0,0,0,0,0,0,20.4856787,16.95724367,34.18430884,0.933997509,0,0,0,13.57409714,2.739726027,20.234375,0,0,0,0,0,0,13.90625,16.3671875,36.1328125,0,0,0,0,9.8046875,3.5546875,11.97592362,0,0,0,0,0,0,20.1535907,16.79119967,33.78995434,1.826484018,0,0,0,13.03445413,2.428393524,0,0,15,0,0,0,85,8.260689083,0,0,0.539643005,91.19966791,0,0,729.1271803,821.325119,1.583473264,1.927659276,729.1166357,821.5066573,1.591428231,1.927124999,680.9472193,26.07000027,3.354662845,-22.32289006,681.2043033,26.05633064,3.357498713,-22.29406355,0,0,0,0,247,247,9.51,50.42,9.51,50.42,2.88,9.02,76.5,171.54,2.88,9.02,76.5,171.54,0.640090219,0.436260071,0.640090219,0.436260071,827.8132813,778.8690328,"Ready","Done/Ready","Ready/Rest","Done","Done"
"NLA12_MN-138",6870,"MSC097Q","weighed ready for analysis",5.61,30.6,2.6,266.97,NA,NA,NA,NA,NA,1.34552,0.0031847,0.00283632,11.2276,3.64776,0.0840316,0.281376,6.22318,4.32582946476285,7092519,0.981,1.8963,100,100,0,0,0,0,0,0,0,0,0,0,0,53.96880734,53.98386331,0,0,0,0,0,0,0,0,0,0,453.2029083,459.3224395,0,0,0,0,0,0,0,0,0,0,0,0,0,99.35779817,0,0,0,0,0,0,0,0,0,0,99.66777409,0,0,0,0,0,0,0.183486239,0,0,5.688073395,0,0,0,0,0,0,0,0,0,0.09492169,0,0,3.607024205,0,0,0.047460845,0,0,0,16.39999962,4.889999866,4.745820999,1.835000038,2.085000038,3.58664608,0.150000006,0.01,64.32499695,16.39999962,4.889999866,4.745820999,1.835000038,2.085000038,3.58664608,0.150000006,0.01,64.32499695,0.00345,0.00345,1.8e-05,1.8e-05,124.3700027,124.3700027,0,0,0,0,0,0.23,0,0.23,0,0,0,0,0,0,0,0,93.94495413,0,0,0,0,0,0,0,0,6.055045872,0,0,0,0,0,0,0,0,96.86758424,0,0,0,0,0,0,0,0,3.132415757,0,0,0,0,0,0,0,0,4.563377626,3.492861699,8.220987509,500.2541886,4.564470278,3.493493693,8.223657469,500.4124435,8.348623853,0,0,0,0,0,0,29.17431193,0.366972477,3.119266055,33.66972477,0,0,0,25.32110092,0,5.220692928,0,0,0,0,0,0,31.89368771,0.474608448,1.613668723,40.38917893,0,0,0,20.07593735,0.332225914,7.798165138,0,0,0,0,0,0,0,0,0,42.20183486,26.05504587,0,0,12.47706422,11.46788991,4.651162791,0,0,0,0,0,0,0.427147603,0,0,55.2918842,21.59468439,0,0,10.0616991,7.973421927,0,0,0,100,0,0,0,0,100,0,0,0,0.000604218,0.000774534,843.5762939,614.4919434,1.400648475,1.935972691,843.5762939,614.4919434,1.400648475,1.935972691,678.0942853,9.235615425,3.022229235,-3.196407623,678.1492735,9.224737968,3.025029732,-3.179381805,0.062418458,0.032290517,0,0,305,305,9.51,50.42,9.51,50.42,2.88,9.02,76.5,171.54,2.88,9.02,76.5,171.54,0.833562331,0.676366581,0.833562331,0.676366581,430.4504587,427.7755102,"Ready","Done/Ready","Ready/Rest","Done","Done"
"NLA12_MN-150",6839,"MSC915P","weighed ready for analysis",1.78,63.33,3.1,284.36,NA,NA,NA,NA,NA,1.34552,0.0031847,0.00283632,11.2276,3.64776,0.0840316,0.281376,6.22318,4.32582946476285,7096311,0.7416,2.0313,100,100,1,0,0,0,0,0,0,0,0,0,0,53,53,0,0,0,0,0,0,0,0,0,0,442.4841869,447.2970713,0,0,0,0,0,0,0,0,0,0,0,0,0,0,0,0,0,0,0,0,0,0,0,0,0,0,0,0,0,0,0,0,0,0,0,0,0,0.121359223,0,0,0,0,0,0,0,0,0,0,0,0,0.044306602,0,0,0,13.57652187,1.293810964,7.084480762,2.396611929,2.016700983,2.137243032,0.120872997,0.013589,67.15225983,13.57652187,1.293810964,7.084480762,2.396611929,2.016700983,2.137243032,0.120872997,0.013589,67.15225983,0.004353,0.004353,0.227197006,0.227197006,95.47974396,95.47974396,0,0,0,0,0,0.23,0,0.228582189,0,0,0,0,0,0,0,0,99.15048544,0,0,0,0,0,0,0,0,0.849514563,0,0,0,0,0,0,0,0,99.68985379,0,0,0,0,0,0,0,0,0.310146212,0,0,0,0,0,0,0,0,4.309799194,3.329227924,7.659632683,467.2927856,4.309162987,3.328703615,7.658608865,467.274278,16.01941748,0,0,0,0,0,0,26.33495146,0.606796117,21.11650485,0,0,0,0,35.9223301,0,5.848471422,0,0,0,0,0,0,23.03943288,0.841825432,21.31147541,0.26583961,0,0,0,46.56623837,2.126716881,16.01941748,0,0,0,0,0,0,26.33495146,0.606796117,21.11650485,0,0,0,0,35.9223301,0,5.848471422,0,0,0,0,0,0,23.03943288,0.841825432,21.31147541,0.26583961,0,0,0,46.56623837,2.126716881,0,0,0,100,0,0,0,0,100,0,0,0,0.005911699,0.012323587,813.7169189,642.5830078,1.975683093,2.401312113,813.7169189,642.5830078,1.975683093,2.401312113,719.6701123,25.79999924,3.308632003,-21.42718419,719.7707534,25.79999924,3.300457384,-21.47111199,0,0,0,0,305,305,9.51,50.42,9.51,50.42,2.88,9.02,76.5,171.54,2.88,9.02,76.5,171.54,0.363842267,0.200807602,0.363842267,0.200807602,827.7220874,805.2326097,"Ready","Done/Ready","Ready/Rest","Done","Done"
"NLA12_MT-106",7321,"MSC202Q","weighed ready for analysis",26.81,5.59,0.18,44.85,NA,NA,NA,NA,NA,1.13023,0.00980735,0.00175753,8.48053,10.2837,0.0841817,0.496048,4.53707,9.85567991849188,12394516,13.5486,14.1111,100,100,0,0,0,0,0,0,0,0,0,0,0,66.52869669,66.50762166,0.004428502,0.004251972,0,0,0.073808364,4248890.04,4248890.04,0.070866198,4079519.782,4079519.782,1342.421123,1343.056546,0,0,0,0,0,0,0,0,0,0,0,0,0,0,0,0,0,0,0,0,0,0,0,0,0,0,0,0,0,0,0,0,0.013285506,0,0,0,0,0,0,0,0,0,0,0,0,0.012755916,0,0,0,0,0,0,0,0,7.280730007,1.889452268,5.178193769,1.326173385,0.902238699,0.842842101,0.088798228,0.098687387,36.64499872,7.485133614,1.942497891,5.323569505,1.363405176,0.927568693,0.866504559,0.091291203,0.101457997,37.67379252,0.476611167,0.489991836,0.472908161,0.48618487,0.646078135,0.664216522,0.222000797,0.215447414,0.222000797,0.215447414,0,0.230882822,0,0.236029721,0,0,0,0,0,0,0,0,100,0,0,0,0,0,0,0,0,0,0,0,0,0,0,0,0,0,100,0,0,0,0,0,0,0,0,0,0,0,0,0,0,0,0,0,1.010162228,0.748205408,1.904505688,101.5988005,1.007736983,0.746313171,1.900257689,101.3568924,25.9133785,0,0,0,0,0,1.840042514,0,0,0,4.862495018,63.90328152,0,0,0.797130331,2.683672114,24.88041329,0,0,0,0,0,1.766694304,0,0,0,4.668665093,65.34217743,0,0,0.765354933,2.576694942,25.9133785,0,0,0,0,0,1.727115717,0,0,0,4.862495018,64.01620832,0,0,0.797130331,2.683672114,24.88041329,0,0,0,0,0,1.658269022,0,0,0,4.668665093,65.45060272,0,0,0.765354933,2.576694942,0,0,31.918427,0,4.211505248,10.30290953,53.56715823,30.78640219,0,4.043625231,11.09764653,54.07232604,0,0,427.1866117,346.4690101,5.488846391,5.25837548,427.2733957,346.6874258,5.486469216,5.255558645,384.6331143,12.81864986,5.838108228,-1.146790844,384.9402472,12.81456994,5.834468618,-1.15009901,0.955040232,0.984352853,0,0,120.3686728,120.3938389,14.55007573,17.94722997,14.96543721,18.45957013,0.391122625,2.103555201,81.4093344,101.5883141,0.402239301,2.16360546,83.73332929,104.488359,0.114535505,0.242714737,0.114535505,0.242714737,941.3654843,922.7147139,"Ready","Done/Ready","Ready/Rest","Done","Done"
"NLA12_ND-163",6599,"MSC818P",NA,25.8,6.47,0.46,50.75,NA,NA,NA,NA,NA,1.18497,0.0100219,0.0021897,9.43484,4.52697,0.0786407,0.396972,5.16784,7.13361026392266,14566900,1.6182,3.6513,100,100,1,0,0,0,0,0,0,0,0,0,0,17,17,0,0,0.617970585,0.273875058,0,0,0,0,0,0,938.2474472,941.5152231,0,0,0,0,0,0,0,0,0,0,0,0,0,0,0,0,0,0,0,0,0,0,0,0,0,0,0,0,0,0,0,0,0,0,0,0,0,0,0.055617353,0,0,0,0,0,0,0,0,0,0,0,0,0.024648755,0,0,7.863314994,11.34594665,3.171261159,1.675515839,4.121553092,0.768511697,0.157448421,0.346685304,44.88145538,8.181571728,10.82699235,3.24418434,1.700358364,3.94427776,0.813611646,0.162630564,0.368230341,46.25410359,0.672654737,0.722549193,0.205555121,0.208202105,30.78885963,27.8998604,0.159621802,0.070741928,0.159621802,0.070741928,0,0.256774194,0,0.263443431,0,100,0,0,0,0,0,0,0,0,0,0,0,0,0,0,0,0,0,100,0,0,0,0,0,0,0,0,0,0,0,0,0,0,0,0,0,0,0,0,0,0,0,0,2.009934874,1.629932675,3.310148495,195.3401247,2.00988066,1.629885388,3.310070285,195.3350162,4.060066741,0,0,0,0,0,0,0,0.500556174,0,21.41268076,73.97107898,0,0,0.055617353,0,1.824007888,0,0,0,0,0,0,0,0.221838797,0,17.13088489,80.18240079,0,0,0.46832635,0.172541287,4.060066741,0,0,0,0,0,0,0,2.836484983,0,19.29922136,73.74860957,0,0,0.055617353,0,1.824007888,0,0,0,0,0,0,0,1.257086517,0,16.19423219,80.08380577,0,0,0.46832635,0.172541287,0.444938821,1.750061622,42.71412681,0,0,57.28587319,0,41.60709884,0,0,58.39290116,0,3.138873746,3.012396624,295.5317443,393.5609675,5.626800147,5.217387809,292.8785799,393.0399865,5.628491377,5.2176496,367.9158782,28.53476098,6.547047623,-14.37030044,368.3471075,28.51649008,6.548302079,-14.36773473,0.476514287,0.211183803,0,0,17,17.07887602,21.4869911,32.97527253,21.66057185,31.97584668,0.610094549,7.391657397,68.90162403,182.88,0.610879961,7.102109933,73.41324624,182.88,0.303837639,0.517829013,0.37901063,0.644292582,739.836485,738.0066552,"Rest","Rest","Ready/Rest","Done","Done"
"NLA12_NE-102",8067,"MSC700Q","weighed ready for analysis",5.92,22.86,2.1,55.74,NA,NA,NA,NA,NA,1.16416,0.00801823,0.00268477,9.68675,4.14133,0.107112,0.545529,5.14142,9.59264800862466,16031186,2.1897,2.1897,100,100,0,0,0,0,0,0,0,0,0,0,0,80,80,0,0,0,0,0,0,0,0,0,0,903.5649445,903.5649445,0,0,0,0,0,0,0,0,0,0,0,0,0,0,0,0,0,0,0,0,0,0,0,0,0,0,0,0,0,0,0,0.041101521,0,0,0,0,0,0,0,0,0,0,0,0,0.041101521,0,0,0,0,0,0,0,0,0,10.99413204,6.920879841,3.316190004,2.063986063,1.734145999,2.285135031,0.091323003,0.024374001,69.86360168,10.99413204,6.920879841,3.316190004,2.063986063,1.734145999,2.285135031,0.091323003,0.024374001,69.86360168,0.043857001,0.043857001,226.4039764,226.4039764,0.913546979,0.913546979,0.017262639,0.017262639,0.017262639,0.017262639,0,0.17,0,0.17,0,0,0,0,0,0,0,0,0,0,0,0,100,0,0,0,0,0,0,0,0,0,0,0,0,0,0,0,0,0,100,0,0,0,0,0,0,0,0,0,0,0,0,0,4.205964272,3.646224051,6.121780513,393.8470179,4.205964272,3.646224051,6.121780513,393.8470179,8.17920263,0,0,0,0,0,0,0,0,0,0,81.09330045,0,0,1.191944102,9.535552815,8.17920263,0,0,0,0,0,0,0,0,0,0,81.09330045,0,0,1.191944102,9.535552815,8.17920263,0,0,0,0,0,0,0,0,0,0,81.09330045,0,0,1.191944102,9.535552815,8.17920263,0,0,0,0,0,0,0,0,0,0,81.09330045,0,0,1.191944102,9.535552815,0,0,0,0,100,0,0,0,0,100,0,0,0,0,716.7198718,721.7336907,8.539834438,8.426310813,716.7198718,721.7336907,8.539834438,8.426310813,565.129785,16.13367141,8.977105122,1.81683354,565.129785,16.13367141,8.977105122,1.81683354,0.692651352,0.692651352,0,0,96,96,4.43,85.23,4.43,85.23,0.49,31.81,152.4,122.3,0.49,31.81,152.4,122.3,0.074198102,0.116443397,0.074198102,0.116443397,581.5893958,581.5893958,"Ready","Done/Ready","Ready/Rest","Done","Done"
"NLA12_NH-102",7104,"MSC288Q","weighed ready for analysis",2.52,46.1,3.3,298.04,NA,NA,NA,NA,NA,1.25142,0.00383802,0.00148461,11.0197,4.17751,0.0502009,0.556563,8.56393,6.1023345996757,19334091,5.2965,5.2965,100,100,1,0,0,0,0,0,0,0,0,0,0,48,48,0,0,0,0,0,0,0,0,0,0,522.4663466,522.4663466,0,0,0,0,0,0,0,0,0,0,0,0,0,0,0,0,0,0,0,0,0,0,0,0,0,0,0,0,1.750212404,0,0.016992353,0,1.189464741,0.237892948,0.220900595,0,0.067969414,0.05097706,0.016992353,0,2.735768904,1.750212404,0,0.016992353,0,1.189464741,0.237892948,0.220900595,0,0.067969414,0.05097706,0.016992353,0,2.735768904,11.74959556,1.072674228,4.4317255,3.274794452,1.54852729,1.536104834,0.118971012,0.012847555,70.48154899,11.74959556,1.072674228,4.4317255,3.274794452,1.54852729,1.536104834,0.118971012,0.012847555,70.48154899,0.016615272,0.016615272,0.03257465,0.03257465,178.8500603,178.8500603,0,0,0,0,0,0.235807986,0,0.235807986,0,0,0,0,0,0,0,0,100,0,0,0,0,0,0,0,0,0,0,0,0,0,0,0,0,0,100,0,0,0,0,0,0,0,0,0,0,0,0,0,0,0,0,0,3.430084779,1.84019952,8.879471816,477.0026814,3.430084779,1.84019952,8.879471816,477.0026814,3.483432455,0,0,0,0,0,0,20.91758709,22.7017842,45.55649958,2.005097706,0,0,0,5.097706032,0.237892948,3.483432455,0,0,0,0,0,0,20.91758709,22.7017842,45.55649958,2.005097706,0,0,0,5.097706032,0.237892948,3.16057774,0,0,0,0,0,0,20.95157179,22.2259983,44.75785896,2.446898895,0,0,0,6.457094308,0,3.16057774,0,0,0,0,0,0,20.95157179,22.2259983,44.75785896,2.446898895,0,0,0,6.457094308,0,0,0,18.89549703,0,81.10450297,0,0,18.89549703,0,81.10450297,0,0,0,0,1431.77648,1140.708956,4.001329072,3.404014535,1431.77648,1140.708956,4.001329072,3.404014535,1107.754255,23.77079018,3.79471874,-17.15002547,1107.754255,23.77079018,3.79471874,-17.15002547,0.994854962,0.994854962,0,0,667,667,5.115714528,44.77903144,5.115714528,44.77903144,1.146832625,7.420032285,133.876802,122.6830008,1.146832625,7.420032285,133.876802,122.6830008,1.177940876,0.742566856,1.177940876,0.742566856,746.7573492,746.7573492,"Ready","Done/Ready","Ready/Rest","Done","Done"
"NLA12_NH-104",6601,"MSC827P","weighed ready for analysis",2.91,38.54,3.9,361.7,NA,NA,NA,NA,NA,1.31566,0.00546791,0.00195604,13.9936,5.09977,0.0696143,0.363188,7.21466,4.79275910522354,6762488,9.9342,74.4201,100,100,1,0,0.036238449,0.027815066,0.423272745,0.018119224,0.033973546,0.053904693,0.084364305,0.200341037,0.237722067,44.20347889,44.58447919,0,0,0,0,0.100662358,254538.2618,186247.5086,0.04031169,43640.80188,29320.38683,411.8450426,476.1174206,0,0,0,0,0,0,0,0,0,0,0,0,0,0,0,0,0,0,0,0,0,0,0,0,0,0,0,0,0.045298061,0.009059612,0.045298061,0.154013408,0.108715347,0.135894184,0.090596122,0.253669143,0.090596122,0.009059612,0.009059612,0.063417286,0.054357673,0.140284681,0.006046753,0.020558962,0.03507117,0.070142341,0.078607795,0.059258184,0.118516369,0.100376108,0.302337675,0.195914813,1.058181862,0.637327819,15.55277817,3.503939243,3.484601874,3.054832278,1.45688675,3.596814394,0.160404402,0.013714853,66.94826226,14.85887182,3.335558197,3.772327902,2.920766847,1.608130166,3.129007142,0.158969394,0.019123249,66.83387055,0.008201696,0.014513345,0.000692203,0.031236583,146.3640505,136.105799,0.500271788,0.38556519,0.593495198,0.41132436,0.000533611,0.231320891,0.002436116,0.230771929,0,0,0,0,0,0,0,0,100,0,0,0,0,0,0,0,0,0,0,0,0,0,0,0,0,0,100,0,0,0,0,0,0,0,0,0,0,0,0.100662358,254538.2618,186247.5086,0.04031169,43640.80188,29320.38683,4.736073901,2.467851989,12.51296674,667.9076793,4.707614785,2.451925127,12.44130924,663.6716372,29.70646856,0,4.402971553,0.679470919,0,0,0,12.46602645,19.97644501,29.34408407,0.226490306,0.135894184,0.126834571,0.099655735,2.790360573,0.045298061,5.169974241,0,2.569870237,0.596209895,0.006046753,0,0,39.44418242,14.98385517,31.16617688,0.598628596,0.05200208,0.954177702,0.100376108,3.462371053,0.896128868,30.91139699,0,4.79253488,0.878782388,0.117774959,0,0,12.62909947,15.99927523,29.75176662,0.326146041,0.054357673,0.090596122,0,4.267077369,0.181192245,5.390076068,0,2.701689463,0.627653013,0.03507117,0,0,38.60852109,12.56515377,30.68364595,1.118649397,0.078607795,0.868313802,0.074979743,6.160432464,1.087206279,0.317086429,0.771565746,82.96792897,0.036238449,0,2.690704838,14.30512774,60.25468926,0.004837403,0,14.62346866,25.11700468,0.58976157,1.059556443,1536.68098,1364.388098,7.327508641,6.726351767,1536.737849,1362.761,7.310213676,6.719605471,1291.546169,25.55103309,7.15483875,-10.72373623,1308.469911,25.38550125,7.226782663,-10.37943254,3.445624737,1.679748672,0,0.84654549,565,570.2252658,4.826291901,49.43582624,4.885327069,49.87385432,2.733994383,8.843649212,133.313969,142.1929272,2.383941274,9.189060335,137.2334953,135.2433464,7.94086398,9.008808375,8.216813679,9.03828635,964.2905418,761.1737474,"Ready","Done/Ready","Ready/Rest","Done","Done"
"NLA12_NH-108",6549,"MSC839P","weighed ready for analysis",4.23,37.11,2.5,275.45,NA,NA,NA,NA,NA,1.30946,0.00436064,0.00133082,13.3438,4.13396,0.0476467,0.327915,7.16932,4.37381247886721,6739062,1.4256,29.8953,100,100,1,0,0,0.10837824,2.071228588,0.106060606,0.172348485,0.053030303,0.593912756,0.965108228,0.296956378,57.24810606,57.69545715,0,0,0,0,0,0,0,0.066900148,42043.93734,18608.25882,194.8406755,243.6933125,0,0,0,0,0,0,0,0,0,0,0,0,0,0,0,0,0,0,0,0,0,0,0,0,0,0,0,0,0.063131313,0,0,0.063131313,0.126262626,0,0,0,0.126262626,0,0,0.126262626,0,0.511786134,0.120420267,0.00903152,0.102357227,0.1806304,0.21675648,0.096336213,1.011530241,0.82186832,0.111388747,0.24385104,0.635216907,0.50576512,11.94898229,1.856040663,4.676695093,2.501774169,1.757017997,1.178670779,0.132454416,0.040740607,67.67752769,12.18776915,2.4286297,4.829893677,2.439461989,2.044429348,1.389044326,0.146647712,0.036301698,67.08365596,0.032802107,0.03564802,0.072218292,0.142279418,107.3380386,103.6378675,0.883838384,1.44010597,0.703282828,1.438721137,0.003181818,0.24,0.017813168,0.238823494,0,0,0,0,0,0,0,0,100,0,0,0,0,0,0,0,0,0,0,0,0,0,0,0,0,0,100,0,0,0,0,0,0,0,0,0,0,0,0,0,0,0.033450074,38784.39755,17246.67891,4.00984981,2.033876428,10.78491982,570.8065523,4.023489768,2.037581496,10.83269043,572.6707903,23.16919192,0,3.977272727,1.452020202,0.252525253,0,0,4.861111111,14.83585859,29.60858586,5.618686869,0,1.199494949,0.126262626,14.8989899,0,7.06565915,0,9.103772165,2.104344161,0.05418912,0,0.02709456,10.03702923,13.92058283,36.79742301,8.670259205,1.875545654,6.593009604,0.83089984,2.673329921,0.246861547,23.04292929,0,4.166666667,1.262626263,0,0,0.252525253,4.22979798,14.07828283,28.40909091,4.861111111,0,1.388888889,0.126262626,18.11868687,0.063131313,7.18306891,0,9.245265978,2.095312641,0.042147093,0,0.165577867,9.738989072,12.08417377,34.37697565,9.173013818,1.722009814,6.25282235,0.788752747,6.490652377,0.64123792,0,0,100,0,0,0,0,99.24436283,0.228798507,0,0.0451576,0.481681067,0.118885188,0.628665027,1572.321435,1275.241627,7.645334449,7.214528846,1548.745188,1265.336284,7.479155939,7.043786299,1144.479584,26.64804267,7.711788454,-12.27537873,1151.453926,26.29588759,7.481787309,-12.07416976,2.847504592,3.137454767,0,0.334500741,550,550.8022699,6.73,46.45131944,6.464665683,47.1303158,0.58,7.56,130.62,105.5,0.79178794,7.934525394,130.8755071,107.7995641,66.97606778,132.7082281,38.52943599,77.11807463,958.5902778,832.9983141,"Ready","Done/Ready","Ready/Rest","Done","Done"
"NLA12_NV-106",6481,"MSC885P","weighed ready for analysis",30.64,8.19,3.3,4859.81,NA,NA,NA,NA,NA,1.19881,0.0263157,0.00134526,3.30354,6.81763,0.0171523,0.3384,3.9863,7.8248202187435,13071176,0.7542,4.5504,100,100,1,0,0.357995227,0,0,41.1097852,12.02267303,3.102625298,4.318829114,1.263053797,0.325949367,55,51,0,0.731803797,0,0,0,0,0,0.2197609,325284.8101,135535.3376,1226.261086,1205.868414,0,0,0,0,0,0,0,0,0,0,0,0,0,0,0,0,0,0,0,0,0,0,0,0,0,0,0,0,0,0,0,0,0,0,0,0,0,0,0,0,0,0,0,0,0,0,0,0,0,0,0,0,0,0,10.72447586,2.10254097,19.20808983,1.894786,1.066496968,1.287739038,0.124117002,0.056997001,47.76342773,11.2640832,3.104653948,17.14963187,1.862580096,1.581380626,1.4597836,0.14755697,0.074492296,49.38105622,0.640654981,0.611554071,122.0802536,101.5964597,1.994117975,14.49547559,0.914081146,2.447982595,0.914081146,2.447982595,0.120465394,0.310190931,0.012883703,0.325383703,0,0,0,0,0,0,0,0,0,0,0,0,0,0,100,0,0,0,0,0,0,0,0,0,0,0,0,0,0,0,0,0,100,0,0,0,0,0,0,0,0,0,0,0,0.186145822,0.160755233,0.272679239,16.44748011,0.190427833,0.163865633,0.280970067,16.86677254,0,0,7.637231504,0,0,0,0,0,0,0,40.45346062,0.596658711,0,38.78281623,12.52983294,0,40.70411392,0,3.560126582,5.893987342,0,0,0.632911392,0,0,0,42.36550633,0.158227848,2.353639241,1.720727848,0,2.610759494,0,0,7.637231504,0,0,0,0,0,0,0,40.45346062,0.596658711,0,38.78281623,12.52983294,0,15.03164557,0,3.560126582,5.181962025,0.553797468,0.158227848,0.534018987,0,0,0,68.19620253,0.158227848,2.294303797,1.720727848,0,2.610759494,3.221957041,2.907436709,100,0,0,0,0,53.26344937,0,0,46.73655063,0,13.31616469,2.905799757,99.60723877,109.4740219,11.75104046,11.67050171,107.6934718,113.7980311,11.52284133,11.18591627,117.6450042,33.53735027,11.79940721,-6.800000191,122.3690475,33.83486978,11.59116594,-6.778599773,1.009854452,2.197635128,0,0.6592827,95,95,11.81713604,64.45794749,14.28705498,61.62126187,0.279594272,21.69310263,152.4,122.8765632,0.240789161,25.34344739,137.0694363,159.8250831,2.526092269,5.128911639,1.134095529,2.524664958,1533.736277,1698.906052,"Ready","Done/Ready","Ready/Rest","Done","Done"
"NLA12_NV-127",6617,"MSC824P","weighed ready for analysis",24.03,16.32,0.73,50.19,NA,NA,NA,NA,NA,1.22764,0.026599,0.00330769,7.72342,8.45,0.0649749,0.75583,5.51254,12.057839597854,23326902,1.8045,1.8045,100,100,1,0,0,0,0,0,0,0,0,0,0,66,66,0,0,0,0,0,0,0,0,0,0,2117.543227,2117.543227,0,0,0,0,0,0,0,0,0,0,0,0,0,0,0,0,0,0,0,0,0,0,0,0,0,0,0,0,0.399002494,0,0,0,0,0,0,0,0,0,0,0,0,0.399002494,0,0,0,0,0,0,0,0,0,0,0,0,3.75487726,27.79151972,1.62435559,0.753747486,1.698145715,0.479832324,0.291388557,0.294495263,31.90861346,3.75487726,27.79151972,1.62435559,0.753747486,1.698145715,0.479832324,0.291388557,0.294495263,31.90861346,0.038684175,0.038684175,0.039742825,0.039742825,92.02032662,92.02032662,0.102244389,0.102244389,0.102244389,0.102244389,0,0.400009975,0,0.400009975,0,14.76309227,0,85.23690773,0,0,0,0,0,0,0,0,0,0,0,0,0,0,0,14.76309227,0,85.23690773,0,0,0,0,0,0,0,0,0,0,0,0,0,0,0,0,0,0,0,0,0,0,1.331516303,1.118619144,2.056658449,124.6504382,1.331516303,1.118619144,2.056658449,124.6504382,3.890274314,0,0,0,0,0,0,0,1.396508728,0,62.49376559,25.38653367,0,0,6.284289277,0.548628429,3.890274314,0,0,0,0,0,0,0,1.396508728,0,62.49376559,25.38653367,0,0,6.284289277,0.548628429,3.890274314,0,0,0,0,0,0,0,1.396508728,0,62.49376559,25.38653367,0,0,6.284289277,0.548628429,3.890274314,0,0,0,0,0,0,0,1.396508728,0,62.49376559,25.38653367,0,0,6.284289277,0.548628429,0.29925187,0.29925187,0,0,0,100,0,0,0,0,100,0,0,0,422.8049316,430.5105591,5.672839165,5.765424252,422.8049316,430.5105591,5.672839165,5.765424252,447.612248,26.16688303,5.519155237,-10.16872843,447.612248,26.16688303,5.519155237,-10.16872843,1.254115795,1.254115795,0,0,108.9087282,108.9087282,36.65518204,24.02288778,36.65518204,24.02288778,1.236224439,1.65321197,75.24195511,182.5643192,1.236224439,1.65321197,75.24195511,182.5643192,0.031005872,0.029920063,0.031005872,0.029920063,837.8154613,837.8154613,"Ready","Done/Ready","Ready/Rest","Done","Done"
"NLA12_NY-0109",7266,"MSC019Q","weighed ready for analysis",4.65,52.88,3.4,278.01,NA,NA,NA,NA,NA,1.28195,0.00358325,0.0015365,11.9081,3.96271,0.0723924,0.466841,7.93732,5.55487930324038,15448106,2.4561,20.8908,100,100,1,0,0,0,0,0,0,0,0,0,0,61,61.23233672,0,0,0,0,0,0,0,0,0,0,540.4756578,569.4777628,0,0,0,0,0,0,0,0,0,0,0,0,0,0,0,0,0,0,0,0,0,0,0,0,0,0,0,0,0.146573837,0,0.146573837,0,0.146573837,0,0.109930377,0,0,0,0,0,0,0.060313631,0.004308116,0.051697398,0.064621747,0.224022058,0.017232466,0.060313631,0.180940893,0.017232466,0.163708427,0,0.017232466,0.094778563,14.5,2.25,3.849999905,2.960000038,1.059999943,3.299999952,0.119999997,0.01,69.59999847,14.50989143,2.439173694,4.055371914,2.89669485,1.19946918,3.278238797,0.120741855,0.010354855,69.1054267,0.0043,0.004218396,0.025342001,0.024754894,152.2133331,152.9477174,0,0.000473893,0,0.000473893,0,0.20112129,0,0.207209633,0,0,0,0,0,0,0,0,100,0,0,0,0,0,0,0,0,0,0,0,0,0,0,0,0,0,100,0,0,0,0,0,0,0,0,0,0,0,0,0,0,0,0,0,4.464224354,2.661455438,10.62364736,595.3680801,4.49511078,2.685012775,10.67948818,598.0736655,7.365335288,0,0,0,0,0,0,8.647856358,64.52913155,0.476364969,2.161964089,0.036643459,0,0,16.63613045,0.146573837,2.683956574,0,0.004308116,0,0,0,0,42.34878511,37.93727382,2.007582285,0.805617784,0.099086679,0,0,13.45855592,0.654833707,9.270795163,0,0,0,0,0,0,7.621839502,60.20520337,0.476364969,1.575668743,0.036643459,0,0,20.66691096,0.146573837,2.972600379,0,0.004308116,0,0,0,0,41.84473548,35.48164742,1.925728072,1.180423919,0.08616233,0,0,16.05635016,0.448044115,0,0,47.086845,0,0.43972151,52.21692928,0.256504214,15.75909013,0,14.3675685,69.39514044,0.478200931,2.38e-05,0.012778958,1199.191239,1000.89254,5.35273954,4.91210052,1208.067206,1000.112922,5.412315879,4.96250577,1162.54585,24.91978716,5.171492817,-15.21964095,1162.30315,24.86675839,5.213844064,-15.13924268,0,0.217553299,0,0,606,606,2.939168193,73.45113961,4.438633465,56.34779037,1.452370832,33.78637963,143.7001319,161.2424771,1.730591935,16.74391349,122.2854386,138.750498,1.769390047,1.529820795,1.769390047,1.529820795,923.9618908,829.7111408,"Ready","Done/Ready","Ready/Rest","Done","Done"
"NLA12_PA-109",6833,"MSC984P","weighed ready for analysis",9.79,31.19,2.4,266.13,NA,NA,NA,NA,NA,1.40384,0.0121599,0.00538323,14.403,8.6933,0.170991,0.583484,7.68652,7.05542584985449,2601509,4.7601,7.6437,100,100,1,0,0,0,0,0,0,0,0,0,0,39.47986387,39.29883433,0,0,0,0,0.21007962,1033924.749,362780.6139,0.130826694,643874.7204,225920.9545,689.0373643,692.9058625,0,0,0,0,0,0,0,0,0,0,0,0,0,0,0,0,0,0,0,0,0,0,0,0,0,0,0,0,0,0,0,0,0,0,0,0,0,0,0,0,0,0,0.011774402,0,0,0,0,0,0,0,0.04709761,0,0,0,6.573116007,2.209770102,2.187167467,1.361876494,1.123845229,0.551023265,0.14685172,0.276082022,59.34890497,6.600869373,1.930772319,2.188155297,1.363898744,1.07370724,0.552669499,0.145406575,0.27690027,59.68021445,0.198743128,0.201221624,0.271814535,0.274229501,73.63316728,73.54129647,0.563622613,0.428705993,0.563811685,0.430001177,0,0.33,0,0.33,0,0,0,0,0,0,0,100,0,0,0,0,0,0,0,0,0,0,0,0,0,0,0,0,0,100,0,0,0,0,0,0,0,0,0,0,0,0,0,0,0,0,0,0,5.99866348,3.522880036,14.47626084,847.7730924,5.992286968,3.518351441,14.46362001,847.0056298,20.45755341,0,5.539799584,0.510493477,0.283607487,0,0,39.19455474,1.153337115,10.56910569,10.73927018,7.619587824,0,0,0.094535829,3.838154661,16.70787708,0,5.628164371,0.317908866,0.176616037,0,0,41.91687272,2.543270929,15.30672318,7.759331214,6.464146945,0,0,0.058872012,3.120216649,20.21176026,0,5.464170921,0.45377198,0.434864814,0,0,36.15050104,1.077708452,10.68254869,18.16978635,2.117602571,0,0,2.741539043,2.495745888,16.49593783,0,5.604615566,0.282585659,0.270811256,0,0,39.59731544,2.190038856,15.3655952,12.42199458,2.649240551,0,0,2.625691746,2.496173319,0.075628663,0.04709761,14.61523918,0,85.38476082,0,0,44.36594843,0,54.00918403,1.624867538,0,15.23673568,11.73652832,1470.562295,1303.821296,7.392420463,7.118825167,1474.022235,1302.985018,7.362261172,7.087541813,1411.585271,24.60620183,7.285096266,-10.34297589,1408.715287,24.57638076,7.224981411,-10.37759316,1.557436479,1.67714445,0,0.261653388,564.4373227,565.128812,18.71,28.24014559,18.70637231,28.25131638,0.69,2.45,131.82,93.49,0.690499235,2.450290828,131.8135865,93.48464265,4.941428103,8.087439406,4.806619764,6.701255115,888.1697863,876.0047098,"Ready","Done/Ready","Ready/Rest","Done","Done"
"NLA12_SD-132",7460,"MSC358Q","weighed ready for analysis",26.85,7.26,0.65,47.41,NA,NA,NA,NA,NA,1.21052,0.00791672,0.00246778,9.68479,3.56112,0.0871236,0.323514,5.70124,5.36974621702396,11253934,0.9954,10.0575,100,100,1,0,0.361663653,0,0.161073826,0.326401447,8.160036166,0,0.627024609,15.67561521,0,26,26,0,0,0,0,1.004621258,1783180.35,221813.261,0.099428287,176482.9948,21953.06189,733.4709765,745.3566702,0,0,0,0,0,0,0,0,0,0,0,0,0,0,0,0,0,0,0,0,0,0,0,0,0,0,0,0,0,0,0,0.090415913,0,0,0,0,0,0,0,0,0,0,0,0,0.008948546,0,0,0,0,0,0,0,0,0,9.371739348,1.836243202,2.991999545,1.92803774,1.529812134,0.674870263,0.176028485,0.417305605,67.62387137,9.294053995,1.640257297,2.833451712,1.913967111,1.387596861,0.670096053,0.165475388,0.35700224,68.30730833,0.049128428,0.041676136,0.143126866,0.122788346,73.88912334,78.5572561,0.368896926,0.207248322,0.368896926,0.207248322,0.107712477,0.33,0.2113566,0.335129306,0,100,0,0,0,0,0,0,0,0,0,0,0,0,0,0,0,0,0,100,0,0,0,0,0,0,0,0,0,0,0,0,0,0,0,0,0,0,1.004621258,1783180.35,221813.261,0.099428287,176482.9948,21953.06189,4.239470212,3.617008672,6.371587084,398.7255202,4.221657078,3.600803836,6.348232005,397.144861,19.43942134,0,4.7920434,0,0,0,0,0,0,0,0,37.07052441,0,32.64014467,5.153707052,0.904159132,2.666666667,0,2.111856823,0.125279642,0,0,0,0,0,0.098434004,0.062639821,30.96196868,0.903803132,61.79865772,0.814317673,0.456375839,26.85352622,0,4.7920434,0,0,0,0,0,0,0,0,33.99638336,0,32.64014467,1.084990958,0.632911392,3.695749441,0,2.111856823,0.125279642,0,0,0,0,0,0.098434004,0.062639821,30.39821029,0.903803132,61.79865772,0.41163311,0.393736018,1.808318264,1.458612975,0,0,52.80289331,0,47.19710669,0,0,5.807606264,5.458612975,88.73378076,12.985084,14.77523984,661.9143536,549.3775558,6.74369367,6.292284413,661.4550844,551.3743243,6.74470271,6.291956567,456.0429697,31.20000076,7.610573474,-14.72676302,455.5618341,31.19575019,7.624804688,-14.67393295,0.002663659,0.574298587,0,0.198856575,24,24,34.08,16.82,33.9701566,16.5493566,1.15,2.7,99.82,182.88,1.147938255,2.668447427,97.75974049,182.816953,0.198728745,0.496074761,0.198728745,0.496074761,950.4294756,849.8,"Ready","Done/Ready","Ready/Rest","Done","Done"
"NLA12_TX-101",6735,"MSC994P","weighed ready for analysis",36.08,6.65,0.635,34.3,NA,NA,NA,NA,NA,1.30645,0.0114333,0.00164597,13.6247,4.33236,0.0502211,1.99979,9.58072,17.2685831625723,1292492,4.3101,12.6522,100,100,1,0,0,0,0.021340162,1.524326582,8.002714554,0.381081645,1.026034998,5.386683739,0.256508749,14.00772604,13.99039693,0,0,0,0,0.464026357,687985.411,88716.92072,0.316150551,315384.5023,57909.85915,161.9516788,166.107277,0,0,0,0,0,0.079037638,0,0,0,0,0,0,0,0,0,0,0,0,0,0,0,0,0,0,0,0,0,0,0,0,0,0,0,0,0,0,0,0,0,0.020881186,0,0,0,0,0,0,0,0.042680324,0,0.035566937,0.007113387,0,0.014226775,0,13.16285912,12.01687212,5.347418986,2.345866448,4.086321486,0.482374527,0.214713991,0.807739371,43.88870548,14.19990757,10.76128153,5.73351941,2.446094881,3.77089777,0.502099477,0.228116843,0.898744879,45.51382614,0.793342277,0.88427227,0.010892866,0.007522224,17.06747129,12.58847686,7.7429526,12.20216247,10.78930883,16.01998862,0.121946127,0.32,0.082359511,0.32177977,0,100,0,0,0,0,0,0,0,0,0,0,0,0,0,0,0,0,0,100,0,0,0,0,0,0,0,0,0,0,0,0,0,0,0,0,0,0,0,0,0,0,0,0,3.060340113,2.133310209,6.235309058,395.3314355,3.046119538,2.123264524,6.206777489,393.6834523,5.784088536,0,10.96262268,10.67028607,4.823553978,0.083524744,0,4.426811443,0,0,0,24.38922531,29.9436208,8.164543746,0,0.751722698,3.115663679,0,13.0388391,16.21852326,7.355242567,1.522264903,0,7.383696116,0.248968559,0,0,25.18850477,22.45696401,3.19391094,0,0.277422108,5.784088536,0,11.94403842,14.0739194,9.14595949,0.083524744,0,3.904781792,0,0,0,20.77678012,25.49592817,8.03925663,0,0.751722698,3.115663679,0,14.95945369,17.95418979,11.76554275,2.205150092,0,5.904111538,0.113814198,0,0.078247261,21.11964718,19.3555271,3.151230616,0,0.277422108,11.33848403,12.981932,89.6638129,0,0,0,10.3361871,93.94650733,0,0,0,6.053492673,6.770790679,6.227274051,848.6520303,1343.119626,18.27320163,18.00229629,848.3190175,1344.274332,18.27084697,18.00221053,1016.472061,35.11327921,18.21425671,0.23247025,1016.795261,35.12717224,18.2088446,0.249672792,5.821790404,5.668382258,0,0.158075275,212,212,52.34731468,9.433716851,51.52805662,10.45588491,1.686122364,1.353109209,150.6899875,171.7035414,1.566867264,1.688866126,150.7083013,172.5243221,149.3968819,422.1999861,110.138386,307.948265,903.1100439,846.5894864,"Ready","Done/Ready","Ready/Rest","Done","Done"
"NLA12_TX-114",7483,"MSC461Q",NA,19.61,7.06,0.34,53.69,NA,NA,NA,NA,NA,1.30645,0.0114333,0.00164597,13.6247,4.33236,0.0502211,1.99979,9.58072,17.2685831625723,1259469,25.8804,258.1821,100,100,1,0,0.048685492,0,0.004880276,0.029002643,0.236854917,0,0.073113512,1.312661877,0,13.95646126,14.71648383,0,0,0,0,0,0,0,0.027112646,3034.704947,1402.691077,157.3063093,187.56008,0,0,0,0.003873235,0.00774647,0.104577351,0,0,0,0,0,0,0,0,0,0,0,0,0,0,0,0,0,0,0,0,0,0,0.055640562,0,0.01391014,0.00695507,0.024342746,0.010432605,0.027820281,0.024342746,0.003477535,0.003477535,0.069550702,0.010432605,0,0.015686603,0.010457735,0.006971823,0.027887294,0.017429558,0.01498942,0.019172514,0.044271078,0.025447155,0.000348591,0.008366188,0.004531685,0.002788729,6.293124865,31.13952532,3.082931846,1.385322661,1.207310056,0.604110589,0.117243893,0.279349482,27.56780161,5.192727215,37.14121669,1.871985273,1.226398413,1.201219957,0.401714523,0.112671879,0.328105029,19.29992513,0.177163914,0.097401495,2.593792975,1.571273773,38.1500065,45.79100751,22.91327027,44.58815348,23.51783976,46.7600159,0.001516901,0.273654194,0.005699396,0.315348609,0,100,0,0,0,0,0,0,0,0,0,0,0,0,0,0,0,0,0,100,0,0,0,0,0,0,0,0,0,0,0,0,0,0,0,0,0,0,0,0,0,0.00774647,864.7380279,568.5294217,2.799317785,1.956547567,5.686241157,357.9803667,2.915976351,2.038518213,5.922023925,370.7131284,15.35331757,0,26.63096397,29.64250939,7.504520796,7.918347475,0,7.963555432,0.045207957,0,0,3.567951036,0.483377382,0,0.71984977,0.170399221,1.600382056,0,15.99336282,27.93853641,30.59410393,16.51659817,0.001742956,2.671951309,0.06867246,0,0,2.58584929,0.378570009,1.403428046,0.219612436,0.027190111,15.34288496,0,27.24301015,29.05828349,8.238280707,7.998330783,0,7.650577271,0.045207957,0,0,3.049798303,0.483377382,0,0.71984977,0.170399221,1.605610923,0,15.45165215,26.82025594,32.53505956,17.61012867,0.002091547,2.569465505,0.065186549,0,0,1.817554354,0.290725035,0.987907372,0.217172298,0.027190111,2.3960217,1.187650112,86.17332035,0,1.015440256,0,12.81123939,95.60182522,0,0.103531577,0,4.2946432,0.283378749,7.973455533,767.9845264,1337.593761,18.94842551,18.66450365,844.2892111,1234.924575,18.71678783,18.44433895,990.1812379,35.54573237,18.80786674,0.805108497,1006.953484,35.45335085,18.55238069,0.429775617,10.49764328,11.71246976,0.115917837,0.476407931,431,425.1459586,47.28753378,11.13489865,47.9688059,10.29277989,1.668764928,1.430344516,105.9571135,179.5448806,1.659302427,1.302686859,112.0263061,180.3810739,650.5754449,1205.575999,856.3939497,1748.910278,1045.105578,926.4277667,"Rest","Rest","Ready/Rest","Done","Done"
"NLA12_TX-128",7994,"MSC668Q","weighed ready for analysis",12.77,12.41,0.55,37.44,NA,NA,NA,NA,NA,1.26976,0.0134217,0.00160156,12.548,5.24026,0.0468047,2.13719,7.76318,21.5869709919932,1267958,4.4181,14.0112,100,100,1,0,0,0,0.19270298,0.010592789,0.286005296,0.010592789,0.307040082,8.29008222,0.307040082,20,20,0,0,0,0,0,0,0,0.071371474,86098.50976,22713.1038,277.5823284,289.5902569,0,0,0,0,0,0,0,0,0,0,0,0,0,0,0,0,0,0,0,0,0,0,0,0,0,0,0,0,0,0,0,0,0,0.020370748,0,0,0.08148299,0,0,0,0,0.025693731,0,0,0.012846865,0,0.006423433,0,0.012846865,0.025693731,0,0,0,0.038540596,4.958047677,29.8983965,2.073105828,0.987411576,1.94665336,0.396164386,0.19953638,0.288392046,28.79346087,4.633492561,33.65914374,1.921712052,0.917140069,1.91653689,0.353205102,0.180132004,0.273985328,23.36815266,0.161325707,0.164341065,0.085909638,0.053009589,76.17445967,75.33557334,0.063353025,0.826438849,0.063353025,1.043165468,0.000767977,0.29,0.022740236,0.291928957,100,0,0,0,0,0,0,0,0,0,0,0,0,0,0,0,0,0,100,0,0,0,0,0,0,0,0,0,0,0,0,0,0,0,0,0,0,0,0,0,0,0.071371474,86098.50976,22713.1038,2.504649076,1.756053543,5.069756811,314.7086077,2.502215139,1.75437762,5.064739855,314.3029031,7.964962314,0,0.550010185,0.020370748,0,0,0.305561214,10.67427175,0,0,0.346302709,79.87370136,0.264819719,0,0,0,3.995375128,0,1.657245632,1.477389517,0.199126413,0.006423433,0.244090442,6.828108941,0,0,0.109198356,77.80704008,7.676002055,0,0,0,7.964962314,0,0.550010185,0.020370748,0,0,0.305561214,10.67427175,0,0,0.346302709,79.87370136,0.264819719,0,0,0,3.995375128,0,2.074768756,2.03622816,0.199126413,0.006423433,0.565262076,6.783144913,0,0,0.109198356,76.6700925,7.560380267,0,0,0,72.64208596,72.41135663,100,0,0,0,0,100,0,0,0,0,4.412094089,5.943363742,666.9604581,1097.548096,18.15299925,18.29825311,667.2392097,1097.098411,18.08335188,18.2328112,900.943344,35.48987589,18.3314096,-0.016194745,900.0298214,35.45795927,18.20271681,-0.085547278,0.581871785,1.710745559,0,0.49960032,114,114,31.37520065,21.65853127,31.93013618,21.28302287,1.201132614,2.851118354,69.33628845,181.6760379,1.21682554,2.790065519,73.66657246,180.4276811,3.649083649,10.15116453,20.20350931,59.82304805,834.8254227,822.8595195,"Ready","Done/Ready","Ready/Rest","Done","Done"
"NLA12_TX-218",8203,"MSC646Q",NA,17.21,9.99,0.56,54.05,NA,NA,NA,NA,NA,1.28495,0.00976608,0.0014859,13.0713,3.87946,0.0427072,2.00185,8.67769,18.7447212145841,1274574,15.5592,43.47,100,100,1,0,0,0,0.01242236,0.295927811,5.696610366,0.221945858,0.406459627,7.824347826,0.30484472,11.72055761,11.8999793,0,0,0,0,0.064270657,1864584.914,554935.9864,0.023004371,667390.1449,198628.0193,224.5232682,236.8921335,0,0,0,0,0,0,0,0,0,0,0,0,0,0,0,0,0,0,0,0,0,0,0,0,0,0,0,0,0.271864877,0.104118464,0,0.086765386,0.028921795,0.225590005,0.075196668,0.005784359,0.173530773,0.034706155,0.075196668,0.358630264,0.121471541,0.128364389,0.047619048,0,0.080745342,0.041407867,0.130434783,0.035196687,0.002070393,0.066252588,0.014492754,0.028985507,0.128364389,0.047619048,10.04249954,1.294999957,3.592499971,2.057499886,1.690000057,0.769999981,0.144999996,0.0515,69.94999695,10.04249954,1.294999957,3.592499971,2.057499886,1.690000057,0.769999981,0.144999996,0.0515,69.94999695,0.050050002,0.050050002,0.048903,0.048903,63.17634583,63.17634583,3.010701064,1.775983437,3.078088848,1.88126294,0.022351342,0.300587691,0.030920911,0.301836853,0,100,0,0,0,0,0,0,0,0,0,0,0,0,0,0,0,0,0,100,0,0,0,0,0,0,0,0,0,0,0,0,0,0,0,0,0,0,0.064270657,1864584.914,554935.9864,0.023004371,667390.1449,198628.0193,2.815499926,1.973255935,5.701922577,350.9563443,2.810213676,1.969975314,5.689802956,350.1015326,14.51874132,0,14.1543267,5.824849607,0.242943082,0.104118464,0,23.24155484,1.891485423,0,0.046274873,32.57751041,7.39819528,0,0,0,5.258799172,0,10.68944099,3.002070393,0.242236025,0.107660455,0.033126294,31.09730849,1.691511387,0,0.049689441,37.66666667,10.16149068,0,0,0,14.51295696,0,15.2012957,5.524062934,0.225590005,0.161962055,0,22.37968533,1.845210551,0,0.046274873,32.70476631,7.39819528,0,0,0,5.256728778,0,11.03726708,2.906832298,0.296066253,0.173913043,0,30.78881988,1.67494824,0,0.049689441,37.6563147,10.15942029,0,0,0,20.51133734,23.63561077,100,0,0,0,0,100,0,0,0,0,7.175893686,9.859204688,847.6999008,1177.021817,17.40102532,17.19141833,866.3785078,1244.449101,17.32216373,17.0991224,1010.84334,35.46699495,17.53997896,-0.660001161,1010.542492,35.44060107,17.43887376,-0.742739131,3.748363883,3.127976469,0,0.230043708,164,164,34.63612911,37.62526839,34.68119255,37.37055135,0.326948172,3.255182786,123.296519,181.1713437,0.335878261,3.249174327,125.013436,180.9422712,49.01008282,83.41945407,31.38153796,57.67850461,922.7901435,860.5203934,"Rest","Rest","Ready/Rest","Done","Done"
"NLA12_UT-104",6478,"MSC880P",NA,33.05,5.01,0.16,43.1,NA,NA,NA,NA,NA,1.12233,0.0254088,0.00341316,8.60631,16.2057,0.0614706,0.764476,7.7111,9.01975275780667,10272084,124.0416,127.7325,100,100,0,0.092872069,0.923641746,0.09018848,0.896952616,14.0234502,3.900728465,2.446584049,14.16443896,3.868338911,2.480310023,67.49270084,67.49855205,0.070863323,0.089718748,0,0,0.032247246,2218793.469,2143208.492,0.031315444,2154680.226,2081279.318,1415.654209,1411.925302,0,0,0,0,0,0,0,0,0,0,0,0,0,0,0,0,0,0,0,0,0,0,0,0,0,0,0,0,0.002902252,0.002176689,0,0.006530067,0.001451126,0.018864639,0.002176689,0.010883446,0.000725563,0,0.005804504,0.002176689,0,0.00281839,0.002113792,0,0.006341377,0.002113792,0.018319535,0.002113792,0.010568962,0.000704597,0,0.00563678,0.00281839,0,9.510870964,3.052040814,7.4159812,1.655847828,1.487685901,0.879076591,0.47176699,0.495190887,41.6232414,9.637215486,3.080332072,7.524518253,1.66791411,1.483100383,0.87915632,0.505091337,0.527530865,41.99444886,0.468915944,0.487239899,2.209617367,2.223696243,19.26897684,18.73793825,2.308864929,2.42196935,2.692390295,2.812809583,0.090236098,0.23786104,0.090208984,0.24056396,0,0.452025772,0,10.8551486,0,0,0,0,0,0,0,0,0,0,88.26401788,0.199529835,0,0.22927792,0,0.438964242,0,10.54148318,0,0,0,0,0,0,0,0,0,0,88.60313546,0.193764312,0,0.22265281,0.008061812,0.007828861,0.008061812,2218524.979,2142949.946,0.007828861,2154419.494,2081028.243,2.889945554,2.630959569,3.774791847,255.4178258,2.856757338,2.600165784,3.733424996,252.5125654,32.60607732,0,2.323252844,3.240364523,1.33068261,0.143661481,3.298409566,1.356077316,5.935831205,0.010157883,14.03819364,0.615277455,17.19366729,11.00388902,0.793765962,6.110691897,31.79143914,0,2.519640655,3.511009336,1.333098468,0.14937467,3.343315131,1.316892725,5.764312137,0.009864365,13.76219834,0.597498679,17.37396512,10.81204862,0.784921614,6.930420997,32.75844555,0,2.427733922,3.653935454,1.812456466,0.175586255,3.292605062,1.356077316,5.922045507,0.010157883,13.96708846,0.609472951,16.60160785,10.70278036,0.765469004,5.944537961,31.95208737,0,2.641536023,3.924608068,1.819270742,0.18037696,3.337678351,1.316892725,5.750924784,0.009864365,13.69314779,0.591861899,16.74335036,10.51964066,0.757442311,6.761317597,0.219120037,0.212788445,50.65083004,0,1.334310425,10.40239726,37.61246227,52.03804826,0,1.334507662,10.10181434,36.52562973,60.55586149,58.97403072,524.2059999,622.5206537,8.954786251,8.880345397,520.5231185,617.584827,8.978576072,8.903542325,573.083384,16.25214118,9.777823839,3.298922931,568.8974997,16.27736562,9.803124561,3.324258012,1.868524544,1.928956259,0.16123623,0.180063805,212.130848,212.1559627,16.76234103,23.29802589,16.90502716,23.68521008,0.609510753,5.770298134,101.8943467,104.4838839,0.611723023,5.883999225,103.353735,105.2147016,16.63954027,52.30686785,18.17677039,57.12000465,1155.96838,1162.498418,"Rest","Rest","Ready/Rest","Done","Done"
"NLA12_UT-128",6449,"MSC777P",NA,18.15,9.94,0.24,30.11,NA,NA,NA,NA,NA,1.13767,0.0383513,0.00390726,7.95081,10.7649,0.0460251,1.04902,6.72847,13.4878990522649,10394659,1.9818,2.385,100,100,0,0,0,0,0,0.511807448,0.066757493,0.244777475,0.529433962,0.069056604,0.253207547,70,70,0,0,0,0,0,0,0,0,0,0,1304.644432,1305.792317,0,0,0,0,0,0,0,0,0,0,0,0,0,0,0,0,0,0,0,0,0,0,0,0,0,0,0,0,0,0,0,0,0,0,0,0,0,0.045413261,0,0,0,0,0,0,0,0,0,0,0,0,0.037735849,0,0,0,12.88915062,8.445407867,11.77169704,2.399540901,3.619539976,0.859140992,0.192917004,0.635122001,57.49736404,12.88915062,8.445407867,11.77169704,2.399540901,3.619539976,0.859140992,0.192917004,0.635122001,57.49736404,1.083541989,1.083541989,1.382732987,1.382732987,6.742618084,6.742618084,23.03042688,22.84754717,24.24704814,23.85849057,0.008278837,0.381716621,0.008464151,0.378845283,0,0,0,0,0,0,0,0,0,0,0,0,0,0,100,0,0,0,0,0,0,0,0,0,0,0,0,0,0,0,0,0,100,0,0,0,0,0.419287212,0,0,0,0,0,0,1.660796478,1.336646006,2.769442778,154.6800938,1.661825793,1.337480677,2.771136983,154.7768097,16.03088102,0,24.29609446,20.52679382,20.61762035,0.68119891,0.635785649,0,0,0,6.630336058,1.089918256,2.225249773,0,5.040871935,2.225249773,13.32075472,0,27.47169811,22.56603774,19.39622642,0.566037736,0.528301887,0,0,0,6.679245283,1.132075472,2.301886792,0,4.188679245,1.849056604,16.03088102,0,22.88828338,18.80108992,23.16076294,1.271571299,0.635785649,0,0,0,6.630336058,1.089918256,2.225249773,0,5.040871935,2.225249773,13.32075472,0,26.37735849,21.13207547,21.43396226,1.056603774,0.528301887,0,0,0,6.679245283,1.132075472,2.301886792,0,4.188679245,1.849056604,0.045413261,0.037735849,100,0,0,0,0,100,0,0,0,0,2.966545396,2.732756479,340.0870568,453.733547,11.78037547,11.4832927,340.0676554,453.760314,11.78104158,11.48361655,448.1633128,17.88521416,11.4815332,5.074365263,448.9733366,17.88083777,11.47462212,5.064689765,8.435040208,8.281023029,0,0,44,44,23.88716621,28.03245232,23.50219623,28.90519245,0.631457766,6.925431426,152.4,117.7630926,0.622758491,7.663290566,152.4,128.7715358,384.9333379,1335.233821,387.1596984,1348.658694,1221.004087,1170.83434,"Rest","Rest","Ready/Rest","Done","Done"
"NLA12_UT-409",8787,"MSC451R",NA,28.14,8.92,0.43,64.14,NA,NA,NA,NA,NA,1.13767,0.0383513,0.00390726,7.95081,10.7649,0.0460251,1.04902,6.72847,13.4878990522649,10389176,23.6115,23.6115,100,100,0,0,0.076234038,0,0.076234038,0.054964742,0.019630265,0.003926053,0.054964742,0.019630265,0.003926053,66.83609682,66.83609682,0.614954577,0.614954577,0,0,0,0,0,0,0,0,1325.663205,1325.663205,0,0,0,0,0,0,0,0,0,0,0,0,0,0,0,0,0,0,0,0,0,0,0,0,0,0,0,0,0.003811702,0,0,0,0,0,0,0,0,0,0,0,0,0.003811702,0,0,0,0,0,0,0,0,0,0,0,0,12.89724248,5.789441399,11.62616733,2.425341987,2.73888426,1.04876525,0.179752169,0.423256558,57.75884609,12.89724248,5.789441399,11.62616733,2.425341987,2.73888426,1.04876525,0.179752169,0.423256558,57.75884609,0.7843703,0.7843703,2.813540392,2.813540392,5.005729055,5.005729055,49.8232895,49.8232895,50.96314084,50.96314084,0.001419859,0.361601296,0.001419859,0.361601296,0,0,0,0,0,0,0,0,0,0,0,0,0,0,100,0,0,0,0,0,0,0,0,0,0,0,0,0,0,0,0,0,100,0,0,0,0.084704487,0.084704487,0,0,0,0,0,0,1.866455337,1.490464631,3.152293312,174.597605,1.866455337,1.490464631,3.152293312,174.597605,0.186773394,0,7.120259196,41.25404993,38.39908519,11.6904898,0,0,0,0,0.865256337,0.060987231,0.392605298,0,0,0.030493615,0.186773394,0,7.120259196,41.25404993,38.39908519,11.6904898,0,0,0,0,0.865256337,0.060987231,0.392605298,0,0,0.030493615,0.186773394,0,6.49514008,40.11053936,38.95559367,12.91023442,0,0,0,0,0.865256337,0.060987231,0.384981894,0,0,0.030493615,0.186773394,0,6.49514008,40.11053936,38.95559367,12.91023442,0,0,0,0,0.865256337,0.060987231,0.384981894,0,0,0.030493615,0,0,96.73337145,0,0,0,3.26662855,96.73337145,0,0,0,3.26662855,0.367490855,0.367490855,339.6327877,464.4879653,11.10774224,11.0166555,339.6327877,464.4879653,11.10774224,11.0166555,408.7994977,17.73564124,11.37778156,5.015505017,408.7994977,17.73564124,11.37778156,5.015505017,11.52371414,11.52371414,3.388179489,3.388179489,333,333,27.99769468,17.44025195,27.99769468,17.44025195,0.560221841,1.545792643,151.3795464,145.7476192,0.560221841,1.545792643,151.3795464,145.7476192,726.2475273,2245.920905,726.2475273,2245.920905,1113.748428,1113.748428,"Rest","Rest","Ready/Rest","Done","Done"
"NLA12_VT-101",1000013,"MSC941P","weighed ready for analysis",4.175,34.145,5.3,405.435,NA,NA,NA,NA,NA,1.26066,0.00417546,0.00150567,11.566,4.05179,0.0471476,0.43289,7.2783,5.61378983010404,4593491,7.389,16.7166,100,100,1,0,0,0,0,0,0,0,0,0,0,47.5410475,46.77570798,0,0,0,0,0,0,0,0,0,0,372.6029135,408.225217,0,0,0,0,0,0,0,0,0,0,0,0,0,0,0,0,0,0,0,0,0,0,0,0,0,0,0,0,0.024360536,0,0,0.097442144,0,0.012180268,0,0.024360536,0.048721072,6.772228989,0,0.06090134,0,0.02691935,1.830515775,0.446861204,0.274577366,0.059222569,0.02691935,0.048454829,0.01615161,0.03230322,3.138796167,0.037687089,0.043070959,0.123829008,11.62319756,0.725708008,5.250002861,2.417166948,1.717511058,1.200924039,0.118234001,0.053585999,68.70983124,11.62319756,0.725708008,5.250002861,2.417166948,1.717511058,1.200924039,0.118234001,0.053585999,68.70983124,0.029087,0.029087,0.141907007,0.141907007,174.7077942,174.7077942,0.5409257,0.514051901,0.549330085,0.519166577,0,0.32,0,0.32,0,0,0,0,0,0,0,0,100,0,0,0,0,0,0,0,0,0,0,0,0,0,0,0,0,0,100,0,0,0,0,0,0,0,0,0,0,0,0.135336311,367256.1916,228700.4466,0.059820777,162333.0103,101089.1928,3.521171557,1.908654288,9.049729077,483.3598348,3.562972157,1.93812978,9.133655973,488.9049077,11.77831912,0,3.580998782,0.816077954,0,0,0,53.34957369,2.8136419,24.31181486,1.875761267,0,0,0,0.962241169,0.511571255,5.206202218,0,3.359534834,0.812964359,0.037687089,0,0,51.80359643,3.924841176,28.62603639,4.258641111,0,0,0,1.722838376,0.247658017,11.74177832,0,3.629719854,0.828258222,0,0,0,46.90621194,1.97320341,17.72228989,5.663824604,7.795371498,0.06090134,0,2.923264312,0.755176614,5.190050608,0,3.413373533,0.818348229,0.037687089,0,0,48.78862927,2.93420911,24.78733714,6.245289114,3.580273501,0.02691935,0,3.817163777,0.360719285,0,0,99.51278928,0,0,0,0.487210719,97.22730699,0,2.557338215,0,0.215354797,0.158313222,0.247429126,1235.797821,1103.879172,5.357021919,4.822489316,1258.866343,1119.885351,5.32286311,4.800657389,1032.301857,25.68339824,5.232051315,-15.85695495,1065.219693,25.44724897,5.133353957,-15.94817486,1.699711041,1.242749355,0,0.059820777,673,671.8684182,6.31,40.46,6.31,40.46,1.03,4.68,135.25,104.16,1.03,4.68,135.25,104.16,5.886901553,8.909710071,5.886901553,8.909710071,818.7205847,778.1831593,"Ready","Done/Ready","Ready/Rest","Done","Done"
"NLA12_VT-115",1000141,"MSC827Q","weighed ready for analysis",6.06,47.92,7,267.28,NA,NA,NA,NA,NA,1.2669,0.00382051,0.0015855,11.5965,3.81478,0.0522851,0.473136,7.57908,5.87584833789854,4571893,0.4014,0.4014,100,100,0,0,0.67264574,0,0.67264574,0.251121076,0.609865471,0.896860987,0.251121076,0.609865471,0.896860987,46.43946188,46.43946188,0,0,0,0,0,0,0,0,0,0,487.4093498,487.4093498,0,0,0,0,0,0,0,0,0,0,0,0,0,0,0,0,0,0,0,0,0,0,0,0,0,0,0,0,0,0,0,0.224215247,2.69058296,3.139013453,0,0,0.448430493,0.448430493,0,0,0,0,0,0,0.224215247,2.69058296,3.139013453,0,0,0.448430493,0.448430493,0,0,0,13.58110905,2.161120892,5.546552181,2.501652002,2.200201035,1.917757988,0.128171995,0.298905998,64.64211273,13.58110905,2.161120892,5.546552181,2.501652002,2.200201035,1.917757988,0.128171995,0.298905998,64.64211273,0.041919999,0.041919999,0.115863003,0.115863003,95.49399567,95.49399567,0.152466368,0.152466368,0.152466368,0.152466368,0.010403587,0.29,0.010403587,0.29,0,0,0,0,0,0,0,0,100,0,0,0,0,0,0,0,0,0,0,0,0,0,0,0,0,0,100,0,0,0,0,0,0,0,0,0,0,0,0,0,0,0,0,0,4.203331255,2.427550429,10.29149539,573.6929795,4.203331255,2.427550429,10.29149539,573.6929795,8.744394619,0,1.34529148,0,0,0,0,6.278026906,38.56502242,19.95515695,6.053811659,0,0,3.587443946,15.47085202,0,8.744394619,0,1.34529148,0,0,0,0,6.278026906,38.56502242,19.95515695,6.053811659,0,0,3.587443946,15.47085202,0,10.98654709,0,1.34529148,0,0,0,0,6.278026906,32.06278027,17.04035874,6.053811659,0,0,3.587443946,22.64573991,0,10.98654709,0,1.34529148,0,0,0,0,6.278026906,32.06278027,17.04035874,6.053811659,0,0,3.587443946,22.64573991,0,0,0,30.94170404,0,0,0,69.05829596,30.94170404,0,0,0,69.05829596,2.73462293,2.73462293,1407.661743,1228.853882,4.865446091,4.408316135,1407.661743,1228.853882,4.865446091,4.408316135,1181.855497,10.59413628,4.730833469,-1.137900954,1181.855497,10.59413628,4.730833469,-1.137900954,1.786618842,1.786618842,0,0,642,642,6.88,44.94596413,6.88,44.94596413,1.73,7.81,130.37,122.37,1.73,7.81,130.37,122.37,6.579304825,11.13003989,6.579304825,11.13003989,371.67713,371.67713,"Ready","Done/Ready","Ready/Rest","Done","Done"
"NLA12_WA-138",7055,"MSC147Q","weighed ready for analysis",8.51,53.16,1.7,282.61,NA,NA,NA,NA,NA,1.29633,0.00927515,0.000760071,15.0652,7.14467,0.0226129,0.748358,12.2667,5.74993980049878,24539698,0.5544,0.5544,100,100,0,0,0,0,0,0,0,0,0,0,0,63.93506494,63.93506494,0,0,0,0,0,0,0,0,0,0,87.03496753,87.03496753,0,0,0,0,0,0,0,0,0,0,0,0,0,0,0,0,0,0,0,0,0,0,0,0,0,0,0,0,0,0,0,0,0,0,0,0,0,0,0,0,0,0,0,0,0,0,0,0,0,0,0,0,0,0,11.9566078,0.890370926,18.03101627,2.188032838,1.001810144,1.220540938,0.149263491,0.042160336,47.31107317,11.9566078,0.890370926,18.03101627,2.188032838,1.001810144,1.220540938,0.149263491,0.042160336,47.31107317,0.331534597,0.331534597,74.16979232,74.16979232,1.125848504,1.125848504,15.05194805,15.05194805,15.3474026,15.3474026,0,0.26974026,0,0.26974026,0,0,0,0,0,0,0,100,0,0,0,0,0,0,0,0,0,0,0,0,0,0,0,0,0,100,0,0,0,0,0,0,0,0,0,0,0,0,0,0,0,0,0,0,0.880631149,0.608747184,1.798468828,117.4162216,0.880631149,0.608747184,1.798468828,117.4162216,34.09090909,0,26.13636364,33.92857143,2.435064935,0,0.811688312,0,2.597402597,0,0,0,0,0,0,0,34.09090909,0,26.13636364,33.92857143,2.435064935,0,0.811688312,0,2.597402597,0,0,0,0,0,0,0,35.71428571,0,28.08441558,32.30519481,2.435064935,0,0,0,1.461038961,0,0,0,0,0,0,0,35.71428571,0,28.08441558,32.30519481,2.435064935,0,0,0,1.461038961,0,0,0,0,0,0,0,0,0,78.73376623,0,0,0,21.26623377,78.73376623,0,0,0,21.26623377,0.02710802,0.02710802,941.4465942,1051.539185,10.31220722,10.8107338,941.4465942,1051.539185,10.31220722,10.8107338,1063.882243,15.45395981,11.04196736,6.626419019,1063.882243,15.45395981,11.04196736,6.626419019,4.580672177,4.580672177,0,0,1236,1236,5.78,59.38,5.78,59.38,1.52,25.45,146.05,124.96,1.52,25.45,146.05,124.96,567.6276658,1476.444376,567.6276658,1476.444376,841.4577922,841.4577922,"Ready","Done/Ready","Ready/Rest","Done","Done"
"NLA12_WI-112",1000108,"MSC324P","weighed ready for analysis",2.43,68.34,12,6753.25,NA,NA,NA,NA,NA,1.33588,0.00350454,0.00260722,12.2763,2.76703,0.0766235,0.308087,7.15673,4.12718757874439,6842791,0.5589,0.5589,100,100,0,0,0,0,0,5.444444444,8.555555556,2.851851852,5.444444444,8.555555556,2.851851852,62,62,0,0,0,0,0,0,0,0,0,0,323.9140902,323.9140902,0,0,0,0,0,0,0,0,0,0,0,0,0,0,0,0,0,0,0,0,0,0,0,0,0,0,0,0,0,0,0,0,0,0.805152979,0,0,0,0,0,0,0,0,0,0,0,0,0.805152979,0,0,0,0,0,0,0,15.21137333,3.176456928,3.860727072,2.951953888,1.393780947,3.483192921,0.134725004,0.020897999,67.67329407,15.21137333,3.176456928,3.860727072,2.951953888,1.393780947,3.483192921,0.134725004,0.020897999,67.67329407,0.004321,0.004321,0.007774,0.007774,162.0241699,162.0241699,1.417069243,1.417069243,1.417069243,1.417069243,0.04921095,0.184347826,0.04921095,0.184347826,0,0,0,0,0,0,0,34.13848631,0,65.86151369,0,0,0,0,0,0,0,0,0,0,0,0,0,0,0,34.13848631,0,65.86151369,0,0,0,0,0,0,0,0,0,0,0,0,0,0,0,0,3.478004305,2.544470545,6.671984435,371.31263,3.478004305,2.544470545,6.671984435,371.31263,23.34943639,0,12.56038647,1.610305958,0,0,0,16.26409018,0,6.441223833,0,3.05958132,0,25.92592593,10.78904992,0,23.34943639,0,12.56038647,1.610305958,0,0,0,16.26409018,0,6.441223833,0,3.05958132,0,25.92592593,10.78904992,0,23.34943639,0,12.56038647,1.610305958,0,0,0,16.26409018,0,6.441223833,0,3.05958132,0,25.92592593,9.98389694,0.805152979,23.34943639,0,12.56038647,1.610305958,0,0,0,16.26409018,0,6.441223833,0,3.05958132,0,25.92592593,9.98389694,0.805152979,0.322061192,0.322061192,100,0,0,0,0,100,0,0,0,0,8.642893271,8.642893271,587.7033629,611.5455449,4.538365101,4.59917037,587.7033629,611.5455449,4.538365101,4.59917037,763.9006378,11.75129696,5.447543676,-0.8592362,763.9006378,11.75129696,5.447543676,-0.8592362,0.542879416,0.542879416,0,0,282,282,6.40173913,62.80144928,6.40173913,62.80144928,6.948985507,20.20086957,132.5217391,152.7626087,6.948985507,20.20086957,132.5217391,152.7626087,6.136472855,7.478708424,6.136472855,7.478708424,719.1594203,719.1594203,"Ready","Done/Ready","Ready/Rest","Done","Done"
"NLA12_WY-103",7499,"MSC345Q","weighed ready for analysis",33.37,3.34,0.16,39.87,NA,NA,NA,NA,NA,0.990414,0.0142667,0.00245734,5.3734,12.9166,0.077766,1.25521,11.8174,9.60183161587472,120052281,49.6071,258.5754,100,100,1,0,0,0,0.002088366,0,0,0,0.001754227,0.004531754,0,61.61093271,61.15937363,0,0,0,0,0,0,0,0,0,0,2356.388407,2993.362503,0,0,0,0,0,0,0,0,0,0,0,0,0,0.284838259,0,0,0,0,0,0,0,0,0,0,0.05464557,0,0,0,0.010885539,0.023585334,0.007257026,0.094341334,0.032656616,0,0.023585334,0.005442769,0.099784103,0.021771077,0.016328308,0,0.005442769,0.030977425,0.006613158,0.001392244,0.048728533,0.017054987,0.000348061,0.006613158,0.004524792,0.046292107,0.012878255,0.022275901,0.000696122,0.00382867,10.38488413,1.325463327,23.37340989,1.938201204,0.929686239,1.448960215,0.11006094,0.023098074,40.68356082,14.83736387,4.199164832,8.181605313,2.51687235,2.185898298,3.098040614,0.183506487,0.034817576,57.97945642,0.438038722,0.083606284,0.098247178,0.024081003,49.95727637,152.656114,0.051234601,0.010253876,0.051234601,0.010253876,0,0.147634572,2.71e-05,0.141945904,0,0,0,10.97080861,0,0,0,0,41.76781146,0,0,0,0,0,0,0,0,47.26137992,0,0,0,78.40943106,0,0,0,0,10.96426806,0,0,0,0,0,0,0,0,10.62630088,0,0,0.020158405,768303.2977,768303.2977,0.003867344,147397.2331,147397.2331,1.287425659,0.784699817,3.014593099,130.6301847,2.544091262,1.586761526,5.826188118,258.433532,41.15640705,0,0.150583283,0.02539959,0,0,0.087084308,7.59629166,18.13893576,0.136069232,31.81661496,0.729331084,0,0,0.067127488,0.096155591,10.85706529,0.654354591,0.028889059,0.004872853,0,0,3.536299277,2.621943155,18.03060152,0.253388373,33.30873703,30.58724844,0.01461856,0,0.060562606,0.041419253,41.1582213,0,0.148769027,0.029028103,0,0,0.087084308,7.598105916,18.1498213,0.136069232,31.80028665,0.729331084,0,0,0.067127488,0.096155591,10.85741335,0.654354591,0.028540998,0.005568975,0,0,3.536299277,2.621943155,18.02920928,0.253388373,33.30386417,30.59281741,0.01461856,0,0.060562606,0.041419253,2.215207097,0.427766911,0.493477748,2.037409968,0,97.46911228,0,0.094672579,78.16056748,0,21.74475994,0,0,0,393.9255984,442.3946582,1.641480919,1.987544463,884.5725739,925.9376768,0.621624185,0.92673069,416.6166797,23.87366436,1.741606212,-17.4381339,829.9141148,19.49099565,0.429142361,-15.69898193,0.690606347,0.177392185,0,0.003867344,215,215.171956,14.94616519,53.10177016,17.96434533,47.60376692,0.585312203,12.33107923,152.4,175.8521162,0.360353266,7.838696424,152.4,180.7313309,0.534765798,0.815093779,0.534681168,0.814865734,1159.001343,745.1952866,"Ready","Done/Ready","Ready/Rest","Done","Done"
"NLA12_WY-107",7000,"MSC146Q","weighed ready for analysis",41.41,12.07,1.4,283.95,NA,NA,NA,NA,NA,1.06588,0.0140255,0.00205,8.21586,5.87991,0.065776,0.588897,6.19801,8.67695697023696,2875411,3.2625,891.5769,100,100,1,0,0,0,0.000807558,0.52937931,3.622068966,0.055724138,0.083181496,0.569136549,0.008755947,59.11917241,57.10709732,0.128735632,0.026447522,0,0,0.30651341,680918.7678,331574.5471,0.014580907,31592.48803,20418.10928,1786.725294,2096.400661,0,0,0,0.003364825,0.004486433,0.010094474,0,0,0,0,0,0,0,0,0,0,0,0,0,0,0,0,0,0,0,0,0,0,0,0,0,0,0,0,0,0.193103448,0,0,0,0,0,0.000302834,0.001110392,0.00979164,0.005148182,0.0038359,0.000403779,0.00211984,0.002826453,0.006763298,0.019987059,0.002018895,0,0.007066132,10.11924683,8.899905961,5.985540452,1.94283409,3.067628473,0.802416806,0.134058239,0.088807866,50.37259584,11.76532812,6.260204767,3.271186375,2.742355204,2.151213748,1.624507605,0.12479144,0.089793304,60.03019401,0.117241011,0.060934909,32.83941162,5.303583962,52.72482439,102.2730625,0.076689655,3.241508276,0.37737931,3.567211533,0.006408276,0.233514483,0.001043607,0.256571594,0,100,0,0,0,0,0,0,0,0,0,0,0,0,0,0,0,0,0,65.603483,0,32.60222422,0,0,0,0,0,0,0,0,0,0,0,1.794292786,0,0,0,0.003364825,0,0,0,0.008972866,28122.0251,18560.78559,2.283208582,1.747146021,4.121178449,212.7505945,1.836571218,1.343081812,3.527472368,174.8366613,4.882758621,0,2.151724138,0,0,0,0,0,0.413793103,0,1.765517241,78.45517241,0,2.786206897,5.020689655,4.524137931,0.283654725,0,3.149375001,3.647537302,2.113581005,0.551763959,0.848238666,0.178268414,8.826406337,0.005350071,16.0733303,61.64584345,0,0.437797345,1.37456455,0.86428888,10.70344828,0,2.372413793,0,0.193103448,0.275862069,0,0,0,0,0.303448276,74.92413793,0,1.875862069,4.882758621,4.468965517,0.31484665,0,3.42909288,3.561229547,2.426004981,0.696922498,0.882257044,0.179984475,8.821863824,0.005350071,16.05778481,60.94740678,0,0.461923139,1.357605833,0.857727471,0.496551724,1.306124015,99.28275862,0,0,0.717241379,0,75.00779798,0,1.629550968,20.48431268,2.878338369,6.680376474,1.117380676,431.9817424,499.9849316,7.448708658,7.270540948,415.0074605,486.7863422,6.395932528,6.225094243,410.3621383,29.65980751,7.998591432,-10.11732442,438.0136078,26.8079186,6.614802709,-10.42017373,1.320793512,2.150228357,0,0.384711627,11,11.57037211,15.77190897,52.79544552,15.06464442,50.81246718,0.537517241,14.12375172,152.4,182.88,0.686979259,13.86216749,103.3747075,180.3740392,1.325663212,3.436969142,35.18647866,77.73995942,864.1782069,795.7426828,"Ready","Done/Ready","Ready/Rest","Done","Done"
